16.325321 0.000000000 0.000000000 0.000000000 -0.000000000 -0.000000000 -0.000000000 1.000000000
19.675319 0.001420553 -0.240901262 -0.044576906 0.011061727 0.012799371 0.012064054 0.999784112
19.725319 -0.001660334 -0.267758191 -0.059895340 0.011293819 0.017463200 0.007278396 0.999757230
20.125319 -0.027693249 -0.394643754 -0.187590480 0.008560240 0.052682575 -0.007231353 0.998548448
22.375319 0.071859799 -0.492676526 -0.695045650 -0.039944444 0.042591866 -0.002908018 0.998289526
23.925318 0.225166902 -0.465995282 -0.561132729 -0.021905886 -0.122768179 0.011648655 0.992125213
24.475318 0.161388129 -0.437283754 -0.539439201 -0.025411049 -0.268543124 0.010336258 0.962876976
24.975318 -0.000140294 -0.430055678 -0.486166686 -0.010830811 -0.435260355 0.025107969 0.899889290
25.325318 -0.074268192 -0.440755337 -0.527356505 -0.003562906 -0.525277078 0.027038973 0.850494087
25.675318 -0.079334557 -0.444696814 -0.602403104 -0.007776782 -0.604942739 0.038436372 0.795302749
25.925318 -0.057377458 -0.442254156 -0.664265990 -0.020324126 -0.662295043 0.038001418 0.748002768
26.225318 0.003898919 -0.450775087 -0.746792018 -0.010636645 -0.733241975 0.021184947 0.679554462
26.575318 -0.005758405 -0.515737951 -0.742518961 -0.018823065 -0.824374914 0.035090990 0.564641654
27.925318 0.432197034 -0.512098849 -1.044467330 -0.001955810 -0.992571592 0.042521946 0.113972411
28.225317 0.631689370 -0.517773867 -1.038456559 0.000868154 -0.999303639 0.036881685 0.005595579
28.425317 0.750404358 -0.503026962 -1.018931866 -0.001106179 0.996481121 -0.040351693 0.073457226
28.525317 0.803396583 -0.510554433 -1.006479263 -0.000671346 0.992682636 -0.037618920 0.114741400
28.575317 0.819482923 -0.524154127 -1.005169630 -0.001286203 0.989831150 -0.033777189 0.138173029
28.775317 0.849372149 -0.498710066 -1.042182684 0.003505754 0.970434308 -0.041769341 0.237698004
29.125317 0.959336042 -0.496304959 -1.002578020 -0.005695710 0.917005777 -0.052186720 0.395404249
29.675317 1.062251210 -0.501424253 -0.797152400 -0.004021166 0.839702845 -0.057220519 0.540008128
30.025317 1.050871968 -0.494629443 -0.674046516 -0.008505869 0.783099532 -0.042371541 0.620392978
30.375317 1.030470729 -0.467509806 -0.532767117 -0.011891444 0.704112709 -0.028100379 0.709432423
30.775317 1.036729693 -0.463411778 -0.411366582 -0.012250320 0.609729409 -0.023401778 0.792169392
31.175317 1.045094967 -0.472893983 -0.368702322 -0.017725198 0.484921694 -0.031897768 0.873795927
31.525316 0.988621771 -0.460428566 -0.320634633 -0.017674996 0.388953179 -0.014390143 0.920975626
31.975316 0.846204281 -0.451147527 -0.216378897 -0.013550757 0.277713805 0.005176159 0.960554361
32.375316 0.674610078 -0.449246109 -0.115609437 -0.011866361 0.145586595 0.012621548 0.989193857
32.875316 0.509922504 -0.456908256 -0.043797519 -0.013529698 -0.000976728 0.011274196 0.999844432
33.425316 0.409798771 -0.445404828 -0.064348392 -0.009052984 -0.129223898 0.022944648 0.991308630
33.975316 0.329048872 -0.445427746 -0.123806193 -0.017427910 -0.254065812 0.027934026 0.966626406
34.575316 0.248315945 -0.447916687 -0.150632009 -0.006478305 -0.411267936 0.029415419 0.911016762
35.025316 0.135459319 -0.486324817 -0.335955799 -0.008096723 -0.518278420 0.040341049 0.854221523
35.275315 0.091331169 -0.491099745 -0.448151082 -0.011925354 -0.569305122 0.049301721 0.820560038
35.575316 0.049238920 -0.486781716 -0.573042572 -0.019128637 -0.634284616 0.055830039 0.770843863
37.025315 0.047291636 -0.540627241 -0.963166296 -0.029231424 -0.901127100 0.035630263 0.431098580
37.275315 0.056363463 -0.560484231 -1.037681460 -0.023984723 -0.933144331 0.038663477 0.356611282
37.925315 0.305246115 -0.545678616 -1.225884676 -0.027203731 -0.983688891 0.037491351 0.173811749
38.175315 0.417880297 -0.535532057 -1.287740350 -0.033568967 -0.994296968 0.034321759 0.095229603
38.425315 0.510529101 -0.535057008 -1.325234532 -0.022824107 -0.999173582 0.032710414 0.007832964
38.625315 0.567715764 -0.535783231 -1.332288742 0.014896252 0.997904897 -0.037145734 0.050834291
38.825315 0.665197968 -0.474723339 -1.326186061 0.016718235 0.994379044 -0.053365555 0.089905158
40.075314 0.952416122 -0.515976787 -1.123378754 0.006009906 0.872862577 -0.028910652 0.487071842
40.775314 1.059313416 -0.482656717 -0.804101765 0.006780355 0.745193005 -0.001390010 0.666812956
41.275314 1.032617807 -0.473935634 -0.622263372 0.022812378 0.617969632 0.003330190 0.785863817
42.825314 0.765203178 -0.408050627 -0.218072489 -0.003483437 0.218037605 0.068634510 0.973517716
43.575314 0.617558777 -0.394983768 0.032958142 0.013091999 0.183554322 0.078392193 0.979791343
44.175313 0.500827789 -0.374705255 0.278837204 0.002974387 0.202315897 0.051152952 0.977978945
44.775313 0.450855494 -0.372885108 0.624310255 0.014119847 0.173791260 0.031398471 0.984180570
45.275313 0.343393654 -0.350427628 0.876025498 0.002203295 0.153656915 0.057444930 0.986450613
45.725313 0.197516561 -0.347927928 1.057382584 -0.006887254 0.056170620 0.054031681 0.996934295
46.025313 0.113603652 -0.351503551 1.107232690 -0.003454696 -0.034867182 0.061940130 0.997464716
46.275313 0.066798761 -0.345654219 1.130057812 0.003502806 -0.136690885 0.070776038 0.988075972
46.475313 0.040237080 -0.327826500 1.155664325 -0.000474002 -0.228525981 0.064937077 0.971369624
46.725312 -0.010547146 -0.315437704 1.144731760 -0.008738563 -0.343478948 0.047161642 0.937934816
47.275312 0.063142896 -0.363224268 1.458098769 -0.026802531 -0.628890157 0.062571727 0.774508595
47.725312 -0.114740968 -0.364465266 1.349447966 -0.027482379 -0.749962747 0.049910709 0.659021676
47.975312 -0.126850486 -0.390950322 1.283994436 -0.026609147 -0.833622396 0.031804852 0.550775886
48.225312 -0.091759443 -0.389948308 1.248354197 -0.028865458 -0.895428419 0.025230374 0.443551779
48.575312 -0.096441031 -0.372940779 1.242842793 -0.041121375 -0.932093859 0.020798704 0.359273612
48.875312 -0.186593771 -0.388305873 1.259833455 -0.020374313 -0.937544346 0.038561963 0.345121056
49.175312 -0.316159010 -0.394379854 1.291718721 -0.018531322 -0.933590174 0.028864309 0.356697172
49.475312 -0.419793487 -0.388087958 1.322903275 -0.010617349 -0.944199502 0.031212432 0.327719927
49.675312 -0.496738434 -0.385406911 1.367700338 -0.001259965 -0.952549219 0.027593972 0.303128809
49.775312 -0.540631533 -0.377896219 1.391192079 0.003409641 -0.954027951 0.020494426 0.298996747
49.925312 -0.604623318 -0.368786633 1.420654535 0.010896081 -0.954712868 0.013287808 0.297032058
50.075312 -0.667420626 -0.366617650 1.442579389 0.000495246 -0.953899801 0.010971111 0.299924284
50.225312 -0.733151793 -0.363591015 1.449461341 -0.006864395 -0.952280998 0.014995511 0.304776877
50.425312 -0.825166941 -0.357465774 1.434436321 -0.002330072 -0.949433208 0.017735984 0.313459218
50.625312 -0.925765872 -0.365902632 1.407337427 0.001265664 -0.943549812 0.015023792 0.330887318
50.775312 -1.004501343 -0.375235021 1.384351015 -0.001354171 -0.940660298 0.019749559 0.338771820
50.975312 -1.112962961 -0.366993517 1.343427181 0.007321231 -0.952566504 0.020877764 0.303525329
51.125311 -1.197479963 -0.358881086 1.310193300 -0.000606675 -0.958375514 0.015989825 0.285062015
51.275312 -1.276450872 -0.350516438 1.273615360 0.005662571 -0.967279971 0.016677029 0.253099293
51.425311 -1.356507301 -0.345553488 1.243214607 0.001988688 -0.973507106 0.006816315 0.228546545
51.625311 -1.448858261 -0.340603828 1.211728334 0.000936460 -0.976486623 0.004014299 0.215538576
51.775311 -1.512655258 -0.336529911 1.180546045 -0.004071071 -0.978428662 0.001868126 0.206536323
52.075311 -1.632320404 -0.327063560 1.098153591 -0.000434087 -0.977849782 0.006616502 0.209202990
52.375311 -1.772854328 -0.324529082 1.004997015 0.005251955 -0.963306427 0.002434108 0.268341631
52.625311 -1.879499674 -0.318819731 0.964586437 -0.003842335 -0.935285151 0.017281909 0.353451937
54.025311 -1.829453945 -0.320917726 0.814741135 -0.013142751 -0.889686048 0.010715539 0.456257790
54.425311 -1.671156406 -0.320927143 0.780977964 -0.018700313 -0.866761386 0.006809890 0.498325855
55.175310 -1.700609326 -0.309201002 0.739227057 -0.020189779 -0.797698915 -0.003312094 0.602708757
55.675310 -1.945978642 -0.319239289 0.662430763 -0.061114494 -0.738890588 -0.001124234 0.671047270
55.925310 -2.083342075 -0.319286436 0.643307805 -0.058759604 -0.684487700 0.001384253 0.726651251
56.325311 -2.268273115 -0.321843356 0.639441252 -0.053754777 -0.585022330 0.008241650 0.809191823
56.925310 -2.499793291 -0.339088202 0.734012485 -0.097320445 -0.420016736 0.051601000 0.900806308
57.225310 -2.572437763 -0.333170712 0.840091527 -0.114543490 -0.335134149 0.065305568 0.932898760
57.825310 -2.606524706 -0.288933754 1.037716866 -0.133177757 -0.223578423 0.071918063 0.962862492
58.725309 -2.573976755 -0.354945898 0.843921065 -0.100890622 -0.542450428 0.046731483 0.832697392
58.975310 -2.549808264 -0.356243670 0.787049770 -0.092584521 -0.652277827 0.027546123 0.751799822
59.175309 -2.510106564 -0.350428969 0.734266281 -0.075377427 -0.727041900 0.013824320 0.682302892
59.275309 -2.490209579 -0.348743081 0.713133335 -0.072701290 -0.755350173 0.007451446 0.651233613
59.425309 -2.455984116 -0.351447046 0.685955048 -0.065767564 -0.788285017 0.003504069 0.611775339
59.525309 -2.430214643 -0.353593171 0.666857243 -0.062969409 -0.812843621 -0.004981702 0.579047024
59.625309 -2.396433830 -0.355275273 0.649853468 -0.052299321 -0.828345180 -0.005907269 0.557740331
59.775309 -2.339904308 -0.359417230 0.632754087 -0.044159055 -0.848599017 -0.011274578 0.527069807
59.925309 -2.269952297 -0.371903062 0.630751133 -0.041221868 -0.862388074 -0.012930539 0.504401028
60.075310 -2.193859100 -0.373785585 0.635623693 -0.029615181 -0.884773374 -0.014093343 0.464865983
60.225309 -2.102568388 -0.385319710 0.641685724 -0.020664059 -0.910326540 -0.016763084 0.413034648
60.425309 -1.988157749 -0.389093965 0.671006083 -0.019481756 -0.927468598 -0.016126847 0.373044789
60.675309 -1.898265362 -0.391154230 0.739261508 -0.040688410 -0.928768218 -0.012572794 0.368206501
61.125309 -1.864449739 -0.372140944 0.899844527 -0.041988246 -0.922312379 -0.022580568 0.383493155
61.425309 -1.836551189 -0.342539370 1.009781241 -0.045274593 -0.918958485 -0.026333667 0.390860766
61.875309 -1.721155643 -0.310394943 1.113902092 -0.056609705 -0.913769901 -0.042070597 0.400062442
62.325309 -1.484043837 -0.311316103 1.133994341 -0.065403827 -0.934025109 -0.046818197 0.348033756
62.625309 -1.340798140 -0.312193513 1.107704759 -0.061005831 -0.961062133 -0.035611834 0.267151088
62.825309 -1.250831842 -0.310335457 1.111133814 -0.056792855 -0.975027740 -0.025804888 0.213142172
62.925309 -1.209151149 -0.309738547 1.120613098 -0.059150636 -0.978707373 -0.024210230 0.195056468
63.075309 -1.135009050 -0.312919945 1.130265832 -0.046658024 -0.984824240 -0.023596432 0.165491551
63.225309 -1.055269599 -0.318235517 1.134883642 -0.037019618 -0.990365982 -0.021315370 0.131721050
63.325309 -0.997114897 -0.324581981 1.140372634 -0.032397415 -0.993653774 -0.017902635 0.106217064
63.525309 -0.865806222 -0.342382610 1.165503263 -0.034236260 -0.997149885 -0.010717341 0.066371717
63.675308 -0.756324291 -0.355222851 1.195317984 -0.038041186 -0.998456955 -0.005386501 0.040095121
63.775308 -0.681159198 -0.358648539 1.217774272 -0.035774078 -0.999116540 -0.003017710 0.021846427
63.975308 -0.537951469 -0.355310768 1.258633971 0.045285139 0.998672903 0.004083286 0.024187861
64.075308 -0.475767374 -0.353532642 1.267700791 0.049538545 0.997417569 0.011490686 0.050716147
64.175308 -0.415121317 -0.351786494 1.280377030 0.044100575 0.995419383 0.011145372 0.084090434
64.275308 -0.360950023 -0.361436725 1.285799623 0.036684398 0.991581619 0.010267336 0.123753078
64.375308 -0.303939790 -0.354529440 1.289392114 0.033199470 0.985816360 0.012760682 0.164015517
64.475308 -0.242002606 -0.346280605 1.285999894 0.032735132 0.978359997 0.018217487 0.203490287
64.675308 -0.142252684 -0.323932350 1.291499496 0.028576577 0.957178354 0.028684348 0.286653429
65.025308 0.025043011 -0.307889849 1.312232971 0.016716838 0.916675687 0.040963128 0.397175491
65.675308 0.238296986 -0.304949820 1.366609812 -0.018336421 0.839185297 0.020451752 0.543151617
66.175308 0.215707541 -0.290792018 1.520240068 -0.021259483 0.790765107 0.030809594 0.610974073
66.475308 0.157924891 -0.283357680 1.658593655 -0.024100916 0.738095164 0.040521953 0.673047245
66.725307 0.111867547 -0.282147288 1.780518174 -0.031624503 0.682041407 0.044879828 0.729249775
66.925308 0.079539537 -0.276098669 1.869985104 -0.044085201 0.634120345 0.054342136 0.770061553
67.225308 0.029306054 -0.248250037 2.002416611 -0.064903364 0.571395159 0.058837071 0.815986097
67.525307 -0.023619533 -0.224719733 2.122517347 -0.090447031 0.524230719 0.052033830 0.845159173
67.875307 -0.101609409 -0.201897115 2.232903242 -0.109634459 0.464656740 0.047886215 0.877371848
68.525307 -0.156473577 -0.255355507 2.317982197 -0.090743177 0.425186217 0.029332202 0.900067747
68.825307 -0.152035892 -0.352541924 2.342128515 -0.042342484 0.424086541 0.001829262 0.904629409
69.075307 -0.145774186 -0.451083481 2.352556944 -0.013105789 0.417168617 -0.020759689 0.908497453
69.325307 -0.136829734 -0.592171669 2.351136684 0.000906344 0.439454585 -0.034158479 0.897614717
69.925307 -0.106727898 -0.783572018 2.346160412 0.006207469 0.450096041 -0.020800609 0.892716348
70.575307 -0.023553014 -0.813386619 2.238733292 0.004006599 0.484750628 -0.016449837 0.874488533
70.925307 0.068997979 -0.816258788 2.118633270 -0.007443798 0.545575738 -0.020656472 0.837773860
71.225307 0.134029746 -0.821030736 1.994197369 -0.022909377 0.590320766 -0.038802788 0.805909991
71.475307 0.190665126 -0.829969585 1.859404206 -0.019275567 0.624808967 -0.037627101 0.779632211
71.825307 0.256641269 -0.845287204 1.676580071 -0.014348382 0.658841610 -0.042379774 0.750949919
72.125306 0.304111838 -0.851541877 1.507688761 -0.030851562 0.695869565 -0.053240582 0.715527296
72.525306 0.340586185 -0.848653436 1.300609589 -0.014898754 0.744601309 -0.048765667 0.665559053
73.225306 0.407671809 -0.686978996 1.140935183 -0.023970146 0.742680132 -0.032471720 0.668428957
73.575306 0.434803247 -0.529904366 1.129852414 -0.028442258 0.733587027 -0.009758460 0.678929985
73.975306 0.414333820 -0.407042384 1.106464744 -0.037907515 0.733076334 0.026125409 0.678586423
74.425306 0.373001397 -0.239598006 1.099683523 -0.066171087 0.723579705 0.058919091 0.684530735
74.725305 0.339213133 -0.146995991 1.091229200 -0.091256149 0.732391119 0.082643151 0.669660866
75.125305 0.278922975 -0.015071422 1.074270368 -0.115395278 0.735428214 0.126336202 0.655643523
75.425306 0.238978803 0.075952545 1.057513118 -0.139995426 0.736970961 0.159701660 0.641693473
76.125306 0.195370972 0.099314809 1.204037189 -0.134948209 0.683840573 0.124693945 0.706117868
76.375305 0.150907159 0.082865268 1.306782961 -0.130590990 0.629163027 0.104059450 0.759125471
76.775305 0.079491258 -0.000682458 1.387590051 -0.120971315 0.573158145 0.082289003 0.806277931
77.925305 -0.016358137 -0.244064495 1.398547173 -0.092334718 0.584454119 0.029422013 0.805619121
79.075305 -0.105937749 -0.240091294 1.823364496 -0.062070362 0.351882160 0.033840228 0.933370829
81.825304 0.324083924 -0.312832773 0.977597117 -0.013419647 0.834666133 0.014491476 0.550402105
82.475304 0.414624929 -0.350770712 0.717549860 -0.001777552 0.896301806 -0.007813981 0.443372279
83.175303 0.492738158 -0.349806219 0.359935194 0.004646545 0.857431650 0.014730358 0.514366031
83.875304 0.610787034 -0.385195643 0.052996993 -0.007354583 0.784285903 0.014524738 0.620186031
84.275303 0.657561302 -0.397524953 -0.157833278 -0.005014765 0.715228438 0.006993071 0.698837876
84.825303 0.686682582 -0.423562229 -0.452326745 -0.015099389 0.629418015 0.008004582 0.776878953
85.575303 0.772732139 -0.474771976 -0.827560186 -0.012773045 0.598756075 0.009296016 0.800775707
86.225303 0.887723863 -0.488773346 -1.168363333 -0.022922844 0.556246638 0.016933775 0.830528498
86.925303 1.085906982 -0.508277714 -1.396157146 -0.019981561 0.573776245 -0.000830243 0.818767905
87.475303 1.230126858 -0.518955827 -1.480673552 -0.014058736 0.645416558 -0.020712471 0.763420463
87.975302 1.210934401 -0.525321484 -1.561583281 -0.003410523 0.773138940 -0.039648913 0.632986963
88.525302 1.138519764 -0.545763373 -1.708912134 -0.019460831 0.864195883 -0.031151967 0.501813054
91.825302 0.622074127 -0.349482983 -1.162297487 -0.007949478 0.960654974 -0.000129238 0.277630806
92.125301 0.633829892 -0.403627604 -1.072455883 -0.013826354 0.986161411 -0.009940430 0.164911449
92.225301 0.631473303 -0.415472150 -1.054583549 -0.012614290 0.991882205 -0.013287408 0.125833452
96.175300 0.679150343 -0.438462406 -0.466121793 -0.005414461 -0.415602595 0.036924727 0.908780396
97.025300 0.793196678 -0.445680082 -0.449472517 -0.005370098 -0.184211344 0.041077156 0.982013226
99.425299 0.200646758 -0.441935927 -0.778700352 0.003738326 -0.085078992 0.063727669 0.994327128
100.125299 -0.102895238 -0.449816883 -0.837358713 0.007947777 -0.129411384 0.069648273 0.989110053
100.625299 -0.285162002 -0.436654150 -0.945872366 -0.003937101 -0.160336912 0.049239598 0.985825598
101.075299 -0.498278648 -0.438616425 -1.139014840 -0.001098069 -0.144814834 0.049103294 0.988238990
101.325300 -0.601346731 -0.430145621 -1.208722234 0.003593164 -0.163971052 0.029648593 0.986012995
101.525299 -0.691013277 -0.418903887 -1.248401999 -0.001108381 -0.168548837 0.031784028 0.985180140
101.625299 -0.737582207 -0.412230700 -1.266919136 -0.006232723 -0.166784599 0.036553960 0.985295832
101.775299 -0.812847435 -0.417186677 -1.297129273 -0.004451721 -0.157338873 0.038321666 0.986790836
101.925299 -0.879948258 -0.433380723 -1.328797817 -0.000295516 -0.154323965 0.051712628 0.986666024
101.975299 -0.899934709 -0.438632548 -1.340421796 -0.000865317 -0.158163741 0.055110894 0.985873401
102.075299 -0.942326486 -0.450500190 -1.362449050 0.005131545 -0.165613621 0.054572679 0.984666288
102.325299 -1.025604606 -0.466017902 -1.413656712 0.010861218 -0.180162445 0.054245304 0.982079923
102.625299 -1.101114511 -0.469934702 -1.470804691 0.002631890 -0.190040037 0.052991208 0.980341673
103.075299 -1.196628571 -0.489937663 -1.528160334 -0.002316355 -0.234736651 0.056767806 0.970397234
103.575298 -1.311411381 -0.487015694 -1.532195210 -0.003215079 -0.392486602 0.057361297 0.917961657
103.825299 -1.397945404 -0.493496895 -1.566659451 -0.014243912 -0.476045668 0.060499351 0.877221465
104.325299 -1.381008744 -0.501607597 -1.690115690 -0.013852897 -0.621639192 0.074947067 0.779586911
105.025298 -1.213749528 -0.526843488 -1.862440348 -0.030869069 -0.740226924 0.061509330 0.668825686
105.275298 -1.140389442 -0.534788013 -1.925426126 -0.043588445 -0.773351371 0.059244368 0.629696608
105.575298 -1.058053255 -0.552228689 -1.983686447 -0.051082421 -0.807175100 0.062888280 0.584725559
105.725298 -1.027514696 -0.561395526 -2.011188745 -0.051063456 -0.824908435 0.065503940 0.559131444
105.875298 -1.008121490 -0.566710114 -2.036860228 -0.054864839 -0.838685632 0.069576301 0.537359715
106.125298 -1.014361858 -0.556292653 -2.064474344 -0.055303734 -0.849928379 0.066133186 0.519797683
106.625298 -1.177316427 -0.544646204 -2.084895134 -0.044468194 -0.828955293 0.064311899 0.553822815
106.825298 -1.249300241 -0.545982659 -2.112869263 -0.040414613 -0.818779051 0.064210258 0.569073498
107.125297 -1.336452246 -0.546202421 -2.161153078 -0.025614422 -0.804452538 0.055985872 0.590817750
107.375298 -1.403730869 -0.538056493 -2.208697319 -0.032292761 -0.783211708 0.060955729 0.617916644
107.775297 -1.476970434 -0.545537949 -2.316071033 -0.029407049 -0.721947193 0.059875548 0.688725233
107.925297 -1.489513874 -0.560033619 -2.355328083 -0.028597778 -0.695076048 0.064018995 0.715508938
108.025297 -1.496432066 -0.573133349 -2.382775784 -0.025991725 -0.682438850 0.061551619 0.727882564
108.125297 -1.502594471 -0.582496881 -2.402523279 -0.025054516 -0.671499908 0.063740812 0.737832785
108.275297 -1.513887405 -0.589557230 -2.423964262 -0.018423159 -0.659035265 0.063863941 0.749169230
108.775297 -1.577080011 -0.577132702 -2.489384174 -0.024074210 -0.612382591 0.068458743 0.787223876
109.275297 -1.589134455 -0.593487024 -2.618327618 -0.007612812 -0.585056067 0.052872539 0.809231699
109.475297 -1.559208035 -0.602890909 -2.685345173 -0.004096039 -0.561619759 0.057847824 0.825360656
109.625297 -1.520832539 -0.612536311 -2.738017797 -0.009079585 -0.545700729 0.070557147 0.834955096
109.725297 -1.494909883 -0.618059754 -2.777354479 -0.008151873 -0.542133451 0.069590643 0.837366104
109.775297 -1.482501030 -0.620552361 -2.796746969 -0.010936523 -0.544703901 0.069559239 0.835667133
109.875297 -1.456831574 -0.623956382 -2.834381342 -0.010024901 -0.548018396 0.067388006 0.833687067
109.975297 -1.433193207 -0.623697042 -2.868763447 -0.011637738 -0.554104090 0.063141957 0.829967678
110.175297 -1.390703678 -0.626299620 -2.920634270 -0.006925179 -0.560258985 0.055416565 0.826432705
110.425297 -1.364837289 -0.628961921 -2.918733358 -0.005105662 -0.534035325 0.046690438 0.844156504
110.525297 -1.359797597 -0.628439903 -2.900144577 -0.004134225 -0.517592609 0.042848092 0.854543567
110.875297 -1.319613099 -0.623938620 -2.794575214 -0.003175526 -0.455235809 0.034665652 0.889690161
111.225296 -1.256103754 -0.619014084 -2.674882650 -0.004908379 -0.374473989 0.032441281 0.926656723
111.625296 -1.153353930 -0.609903634 -2.545670748 -0.019494552 -0.277326852 0.034917139 0.959942997
111.975296 -1.060819268 -0.585671127 -2.484156609 -0.026301853 -0.178001940 0.029048905 0.983249545
112.275296 -1.179167509 -0.587469518 -2.551136971 -0.019125264 -0.042723000 0.021906583 0.998663664
112.525296 -1.127501369 -0.585911393 -2.486329079 -0.015047940 0.025587024 0.020438187 0.999350369
112.625296 -1.106150985 -0.592751324 -2.459943771 -0.011336064 0.051576622 0.018983239 0.998424232
112.725296 -1.085574508 -0.594146371 -2.431010246 -0.007995613 0.074561104 0.019698361 0.996989787
112.825297 -1.058372378 -0.596165121 -2.405426264 -0.003786160 0.095474362 0.015072593 0.995310605
112.925296 -1.038360834 -0.597975850 -2.377703667 -0.001908434 0.116335884 0.013625414 0.993114650
112.975296 -1.028151155 -0.604621172 -2.367593288 -0.000285253 0.126675218 0.010050168 0.991893291
113.225296 -0.971316993 -0.617885411 -2.363239765 0.000958946 0.173723400 0.004664531 0.984782994
113.325296 -0.943528295 -0.615203142 -2.376327991 0.001954294 0.196214601 0.000415664 0.980558932
113.425296 -0.924771070 -0.630729556 -2.377540827 -0.001343404 0.219455183 -0.000719442 0.975621402
113.675296 -0.908137381 -0.630223811 -2.386105061 -0.007845541 0.260079235 -0.008494519 0.965518057
114.625296 -1.290730000 -0.541300535 -2.172641993 -0.033344567 0.147894844 0.013505379 0.988348544
114.725295 -1.341735601 -0.532369137 -2.156857252 -0.035514861 0.110954225 0.013117926 0.993104100
114.825296 -1.389400005 -0.527954638 -2.141864538 -0.038821485 0.074655898 0.013254146 0.996365249
114.875296 -1.412089229 -0.524450243 -2.134689331 -0.039946046 0.056373045 0.015537867 0.997489333
114.975296 -1.456212878 -0.523662746 -2.123897552 -0.042350736 0.022466701 0.013691727 0.998756349
115.175295 -1.534945130 -0.520848572 -2.113192320 -0.043763407 -0.036894206 0.018733433 0.998184681
115.425295 -1.621007442 -0.527042270 -2.120626926 -0.031861901 -0.100603871 0.017949151 0.994254231
116.025295 -1.720909834 -0.578624427 -2.136510611 -0.018655529 -0.170282990 0.002910354 0.985214293
116.675295 -1.731046915 -0.844469488 -2.039597988 -0.022423765 -0.179242998 -0.002070513 0.983547091
118.975295 -1.695433378 -0.460813433 -2.089622498 -0.087406024 -0.169092610 -0.019969417 0.981513679
119.625294 -1.640144706 -0.334946752 -2.154040575 -0.073721200 -0.137009144 -0.035880931 0.987170815
120.325294 -1.513417602 -0.395989597 -2.068187237 -0.039428733 -0.024924254 -0.032013323 0.998398423
120.675294 -1.428490520 -0.394424260 -1.968126416 -0.036319230 0.040041864 -0.034727000 0.997933686
120.975294 -1.371377349 -0.391606271 -1.877428055 -0.034294546 0.082705081 -0.039357655 0.995205879
121.075294 -1.353091002 -0.392684132 -1.856559277 -0.029062886 0.100244746 -0.039124329 0.993768394
121.375294 -1.316909909 -0.373819500 -1.831389308 -0.037499800 0.148815677 -0.030308735 0.987688720
121.475294 -1.302733302 -0.368734539 -1.836164474 -0.040304698 0.177999541 -0.024129011 0.982908666
121.975294 -1.278341293 -0.421077102 -1.938846231 -0.035874933 0.337271154 -0.022877803 0.940445542
122.225294 -1.319779396 -0.368576676 -1.987185240 -0.026612937 0.419353873 -0.028918955 0.906971812
122.775294 -1.309856176 -0.363151193 -2.102016687 -0.037071746 0.538170040 -0.035354894 0.841278017
123.375294 -1.286506891 -0.378069073 -2.267905712 -0.049125798 0.634007573 -0.035427596 0.770951331
123.775293 -1.288072705 -0.394123673 -2.386914253 -0.041886173 0.696728766 -0.036738377 0.715167701
123.975293 -1.298376083 -0.403681010 -2.460751534 -0.042378146 0.727183521 -0.040144067 0.683956683
124.175293 -1.313178062 -0.412155777 -2.530652046 -0.042380452 0.754553139 -0.042539887 0.653485894
124.275293 -1.324643373 -0.416104823 -2.555708408 -0.042437520 0.766531467 -0.045471638 0.639187694
124.475293 -1.345337391 -0.425658137 -2.600728989 -0.042152569 0.781718075 -0.046663247 0.620453537
124.875293 -1.402402878 -0.434530616 -2.622013569 -0.044297557 0.818334699 -0.045104671 0.571254432
125.075293 -1.434816599 -0.432519317 -2.570898771 -0.035625376 0.842974663 -0.034737095 0.535647273
125.425293 -1.510526657 -0.419739664 -2.476625681 -0.025259485 0.878363132 -0.027523587 0.476531893
126.125293 -1.638655186 -0.413500130 -2.405642033 -0.011853931 0.937418044 -0.029041268 0.346790433
126.475293 -1.601314545 -0.422119915 -2.314156294 -0.008215841 0.974661410 -0.035664588 0.220670953
126.675293 -1.643288851 -0.436251283 -2.276339769 0.002421642 0.987360716 -0.036672965 0.154168889
126.825293 -1.665347338 -0.441049814 -2.248092651 -0.001190083 0.992517292 -0.040135611 0.115313195
126.975293 -1.675244808 -0.442502886 -2.219475508 -0.008525977 0.995341420 -0.038915597 0.087797612
127.875292 -1.675634623 -0.442968696 -1.987496972 -0.010642808 0.997199297 -0.033192467 0.066170909
128.375292 -1.714853764 -0.390079379 -1.862380147 -0.015296391 0.999790072 -0.007833636 0.011155440
128.775292 -1.675259829 -0.375971615 -1.804333210 0.011981429 -0.995371222 0.008010288 0.095018357
129.325293 -1.520195246 -0.394645959 -1.730187893 -0.001409818 -0.974189997 0.015830405 0.225169361
130.475292 -1.642408371 -0.399541199 -1.940965891 0.006110979 -0.961604714 0.008773029 0.274229884
130.725291 -1.751883268 -0.402075201 -2.042569637 -0.009288464 -0.962147176 0.004175530 0.272340089
131.025292 -1.861546040 -0.402165174 -2.136181355 -0.025107618 -0.971614838 0.002257184 0.235221460
131.275291 -1.956072688 -0.406724185 -2.217383146 -0.020029286 -0.979850173 0.010321890 0.198458850
131.475292 -2.041540146 -0.418945253 -2.282516241 -0.011703361 -0.984649122 0.015255105 0.173483133
131.575292 -2.085903168 -0.423027247 -2.310434341 -0.017544776 -0.984944940 0.017734583 0.171058834
131.775291 -2.177909136 -0.425852180 -2.349708080 -0.030915819 -0.983833373 0.027729444 0.174204543
132.075291 -2.333206415 -0.423821390 -2.401386261 -0.021357479 -0.985550106 0.036421824 0.164037392
132.425291 -2.493349552 -0.400608838 -2.430022955 -0.030345986 -0.973933935 0.040011246 0.221203566
132.625291 -2.588334322 -0.388532251 -2.435033560 -0.030938625 -0.958023369 0.051152479 0.280387998
132.725291 -2.635768890 -0.382629395 -2.435662031 -0.024149233 -0.949363470 0.050801676 0.309103698
132.825291 -2.682733536 -0.384315819 -2.432063818 -0.019868869 -0.938646376 0.057757072 0.339429408
132.925291 -2.728443861 -0.387653917 -2.424644232 -0.022855442 -0.925149620 0.059835959 0.374159753
132.975291 -2.747040510 -0.392221749 -2.419270754 -0.020486563 -0.919583082 0.056333911 0.388296008
133.025291 -2.763619423 -0.390143692 -2.414914608 -0.018489689 -0.913132131 0.058655865 0.402998030
133.125291 -2.800538540 -0.387800425 -2.399482965 -0.014432287 -0.899081171 0.058544409 0.433609664
133.275291 -2.863504887 -0.387737393 -2.368702650 -0.007316910 -0.881182551 0.052640297 0.469779521
133.425291 -2.925371408 -0.384198457 -2.334691286 -0.000114432 -0.861799896 0.046476778 0.505114734
133.675291 -3.057995796 -0.384174764 -2.250991821 0.002895578 -0.835455537 0.045809776 0.547637761
133.775291 -3.109155178 -0.386196494 -2.218528986 0.004158442 -0.825502694 0.041686885 0.562841177
133.825291 -3.130310059 -0.385855019 -2.198515177 0.004004972 -0.820214748 0.037077498 0.570838869
134.825291 -3.684536934 -0.413084686 -1.989829540 -0.016713195 -0.674997330 0.010115152 0.737561584
135.325291 -4.061009884 -0.414770186 -1.851201773 0.002386792 -0.652270257 -0.013633582 0.757860184
135.825291 -4.408262253 -0.384287894 -1.774707794 -0.005663566 -0.585237086 -0.008347656 0.810799539
136.075290 -4.534620285 -0.389109313 -1.731059551 -0.003897970 -0.544041634 0.001742334 0.839047372
136.175290 -4.568172932 -0.381392390 -1.698147058 0.002180164 -0.527089953 -0.007719778 0.849771619
136.325291 -4.602041245 -0.381005794 -1.642348170 0.001524260 -0.488178432 -0.015406933 0.872606575
136.475290 -4.630648613 -0.366563141 -1.581343055 0.007722730 -0.445732683 -0.021569833 0.894872904
136.525290 -4.637908936 -0.368659288 -1.566341877 0.008550601 -0.428828061 -0.022324355 0.903069794
136.575290 -4.645445347 -0.374393255 -1.548325777 0.006959321 -0.412845910 -0.024011709 0.910457730
136.625290 -4.647727966 -0.369349301 -1.527785540 0.007302500 -0.398810148 -0.025292031 0.916655600
136.725290 -4.661130428 -0.373009443 -1.518000126 0.012773969 -0.363983721 -0.028502826 0.930881441
136.775290 -4.661706924 -0.374144912 -1.507560611 0.015987834 -0.345007986 -0.025800824 0.938108861
136.825290 -4.653174400 -0.358752847 -1.496968627 0.019078331 -0.326259315 -0.024289206 0.944775581
136.875290 -4.649186611 -0.364512086 -1.493330598 0.017588781 -0.308321655 -0.029041532 0.950676084
136.975290 -4.632004261 -0.355140448 -1.478282928 0.020855468 -0.272717297 -0.033907380 0.961270332
137.175290 -4.601304531 -0.348625600 -1.476095915 0.014814646 -0.181517705 -0.039829075 0.982469082
137.425290 -4.522289276 -0.367343336 -1.514274001 0.019457091 -0.057270203 -0.038162421 0.997439325
137.775290 -4.420507908 -0.406416506 -1.651180148 0.015185161 0.136022493 -0.064925246 0.988459468
138.175290 -4.376524925 -0.421076596 -1.817023516 0.011467556 0.290850639 -0.063186258 0.954610884
138.975290 -4.355891228 -0.441656619 -2.063101292 0.000245772 0.451402932 -0.039906539 0.891427457
139.275289 -4.446656704 -0.395793945 -2.114057779 0.023648182 0.584990323 -0.051653054 0.809048235
139.725289 -4.581104279 -0.451181114 -2.137728214 0.014905401 0.780335248 -0.044740058 0.623580813
139.925289 -4.656376839 -0.461588472 -2.237828255 0.010021930 0.829855978 -0.056415565 0.555027843
140.075289 -4.703531265 -0.477885544 -2.304525375 0.014341272 0.858797312 -0.063573726 0.508153379
140.225289 -4.741199017 -0.491489857 -2.358088017 0.020132460 0.879614532 -0.071032494 0.469922781
140.475289 -4.798282146 -0.493088424 -2.429790497 0.014194176 0.912444830 -0.072881177 0.402406901
140.675289 -4.837030411 -0.488654017 -2.469450474 0.018417737 0.932261765 -0.059728775 0.356344253
141.025289 -4.909727097 -0.486137599 -2.508105040 0.030586569 0.962326765 -0.050797030 0.265351415
141.225289 -4.963420391 -0.488194942 -2.514320612 0.032368906 0.977136135 -0.052314110 0.203520223
141.425289 -5.016691685 -0.491244078 -2.495692730 0.031570513 0.989084005 -0.054018181 0.133410156
141.675289 -5.082631111 -0.487682998 -2.449314117 0.030858025 0.997027457 -0.053924315 0.045565911
142.125289 -5.220506668 -0.480780214 -2.322714806 -0.018504197 -0.985383689 0.049224805 0.162029296
142.525289 -5.341618061 -0.489974856 -2.175600052 -0.019936563 -0.957200885 0.048657112 0.284607619
143.075289 -5.466664314 -0.455325335 -1.970182896 -0.014348387 -0.875195622 0.040038422 0.481895953
143.325289 -5.459313869 -0.446329325 -1.889472961 -0.012694095 -0.814246476 0.036791015 0.579213262
143.525288 -5.448796272 -0.451344967 -1.818679333 -0.009550920 -0.756519735 0.038310759 0.652777910
143.575288 -5.444546700 -0.450586677 -1.805258274 -0.015244397 -0.740298331 0.040212896 0.670901537
144.075288 -5.328340530 -0.427217752 -1.612837553 -0.024405509 -0.572263956 0.046495512 0.818386555
144.125288 -5.313627243 -0.418490380 -1.595988989 -0.025894530 -0.557483613 0.048217420 0.828381896
144.425288 -5.214646339 -0.427043587 -1.472335100 -0.018384792 -0.475134850 0.035014946 0.879023790
145.325289 -4.996453762 -0.441655487 -1.290295601 -0.009401106 -0.217660442 0.013551223 0.975885212
145.375288 -4.989162445 -0.433332592 -1.293242812 -0.004924094 -0.193135127 0.016472556 0.981021523
145.475288 -4.971999645 -0.424996406 -1.302896976 -0.000355282 -0.151019558 0.018393716 0.988359630
145.675288 -4.978772163 -0.430451900 -1.342038393 0.004255119 -0.059256941 0.025352247 0.997911751
146.025288 -4.918731689 -0.438374877 -1.432998657 -0.003175728 0.073139869 0.013419027 0.997226357
146.425288 -4.763022423 -0.443664104 -1.586074710 0.007609917 0.200216517 -0.017298566 0.979569435
146.825288 -4.647887230 -0.407521576 -1.731072664 -0.010699405 0.330501556 -0.003257638 0.943739176
147.275287 -4.616432190 -0.454329640 -1.877943516 0.010422950 0.516024530 0.017970152 0.856321931
147.775287 -4.724703789 -0.420696974 -1.945697308 0.023153964 0.667959392 0.003900186 0.743827224
148.225287 -4.809817314 -0.408144772 -2.072503090 0.035932496 0.793365121 -0.002934187 0.607677579
148.425287 -4.885029793 -0.411280930 -2.155206680 0.036349162 0.838481486 -0.010074765 0.543623090
148.575287 -4.941734314 -0.402992487 -2.204423904 0.031560417 0.869295716 -0.009867385 0.493185103
148.875287 -5.009523392 -0.413590550 -2.244316816 0.033052538 0.924678147 -0.002962484 0.379300833
149.225287 -5.075147629 -0.409807503 -2.256116390 0.046326648 0.972129822 -0.009471631 0.229625285
149.475287 -5.142349243 -0.409032404 -2.234266758 0.049180053 0.993366897 -0.014660276 0.102901101
149.625287 -5.185122967 -0.404193878 -2.201196194 0.049901672 0.998589635 -0.014563245 0.010795414
149.975287 -5.289667130 -0.404447258 -2.086690903 -0.045126311 -0.975712538 0.007583728 0.214222118
150.825287 -5.369851589 -0.386983633 -1.799619675 -0.051141281 -0.778774381 0.031262670 0.624433875
151.275286 -5.301334858 -0.363123834 -1.699895382 -0.071235240 -0.602528930 0.029266490 0.794372678
151.475287 -5.243577957 -0.367482543 -1.688682079 -0.073744290 -0.519753575 0.034692977 0.850420058
151.625286 -5.191332340 -0.376757562 -1.685061097 -0.069618553 -0.460940123 0.030974599 0.884153903
151.875286 -5.066477776 -0.389625192 -1.689871430 -0.070804916 -0.348235667 0.014856316 0.934611082
152.125286 -4.937856674 -0.391819507 -1.689151883 -0.071337707 -0.242572814 0.009272925 0.967462361
152.275286 -4.875819206 -0.394529521 -1.709287286 -0.064053476 -0.182050034 0.015226477 0.981082618
152.375286 -4.850061417 -0.397089809 -1.724019766 -0.057386521 -0.142025560 0.018358190 0.988027573
152.525286 -4.839015007 -0.387823761 -1.762138963 -0.041245397 -0.075183935 0.019272594 0.996129930
152.775286 -4.757870674 -0.376708180 -1.831868768 -0.033389345 0.024458177 0.015936833 0.999016047
153.075286 -4.621254444 -0.377022684 -1.936655402 -0.040562402 0.133830726 0.011800378 0.990103424
153.475286 -4.484601021 -0.393266797 -2.076010704 -0.035798844 0.313691139 0.022355029 0.948586643
154.075286 -4.653892040 -0.377320588 -2.176715612 -0.016948443 0.533863425 0.016519519 0.845239460
155.275285 -4.914327621 -0.410942435 -2.270055294 0.025073869 0.706613123 0.013080345 0.707034707
155.875285 -5.016113281 -0.459516644 -1.989088058 0.054172672 0.698713899 0.013071670 0.713227510
156.475285 -5.166477203 -0.490097106 -1.678250790 0.066300645 0.632184088 -0.013261451 0.771862507
157.825285 -5.402036667 -0.575063407 -1.356186152 0.012032750 0.461705804 0.041262172 0.885991216
159.075285 -5.320658684 -0.938325465 -1.468385220 0.050466705 0.386987507 -0.020999804 0.920463383
160.225284 -5.090548038 -0.880379498 -1.712202072 0.047504671 0.659838796 -0.078618117 0.745771587
160.475284 -5.089667320 -0.891710818 -1.799379826 0.052945137 0.724251747 -0.091839135 0.681338251
160.675284 -5.093696594 -0.898340106 -1.892776966 0.051906366 0.781817198 -0.098593868 0.613471270
160.875284 -5.111427307 -0.908422947 -1.980664253 0.055009589 0.822952151 -0.111116409 0.554415762
161.025284 -5.128665924 -0.916625857 -2.042021275 0.059146974 0.846801043 -0.114063792 0.516158104
161.225284 -5.154134750 -0.919740319 -2.113226414 0.060462669 0.870296478 -0.123195365 0.473023593
161.425284 -5.183897018 -0.912572742 -2.189237118 0.055742502 0.891012073 -0.126096606 0.432538927
161.575284 -5.208100319 -0.898692250 -2.244601488 0.051145460 0.909574628 -0.127155334 0.392287791
161.625284 -5.215791702 -0.891123414 -2.259699583 0.050069768 0.915177047 -0.129977256 0.378219396
161.725284 -5.232687950 -0.872036934 -2.283070087 0.052606024 0.921322405 -0.134073883 0.361139745
161.825284 -5.263242245 -0.850910902 -2.309734344 0.066890471 0.926724315 -0.147427723 0.339076370
161.925284 -5.276209831 -0.813818455 -2.320870161 0.076899208 0.929150403 -0.148033381 0.329927534
162.025284 -5.287532806 -0.773466110 -2.329303503 0.083534062 0.932027638 -0.153882757 0.317280143
162.275284 -5.298215389 -0.652460456 -2.347159863 0.064218737 0.937214673 -0.155693918 0.305391639
162.825284 -5.334591866 -0.468340397 -2.347186804 0.040593956 0.939963937 -0.129716530 0.313039213
163.375284 -5.393747330 -0.286485374 -2.349517584 0.036278665 0.948175073 -0.054322917 0.310961246
164.125283 -5.657641888 -0.263581395 -2.504812241 -0.037298560 0.960954249 -0.081704706 0.261725307
164.675283 -5.884711266 -0.266281188 -2.601284504 -0.012849277 0.976494908 -0.084365770 0.197926819
166.075283 -5.638469219 -0.160357118 -2.458981514 0.048935253 0.914087772 -0.097491823 0.390569210
166.425283 -5.504835129 -0.177587032 -2.336955547 0.061813798 0.831204295 -0.077252351 0.547092795
166.875283 -5.362873554 -0.164886713 -2.193143368 0.051824760 0.749013007 -0.034170710 0.659640968
168.275282 -4.566565514 -0.217783511 -2.192470074 0.040613439 0.712147355 -0.001980815 0.700851500
168.825282 -4.182472229 -0.274451137 -2.229666233 0.040808406 0.743044794 -0.018474044 0.667740881
169.225282 -3.898123264 -0.277305096 -2.316145897 0.045737378 0.740035594 -0.021247376 0.670674264
169.375282 -3.804475784 -0.286904275 -2.348891020 0.041691393 0.739624083 -0.022032307 0.671366274
169.575282 -3.686486483 -0.280986875 -2.387855291 0.042435035 0.751020133 -0.011901778 0.658806860
169.875282 -3.488936186 -0.278510988 -2.425750256 0.046737332 0.758423388 0.003448378 0.650075257
170.025282 -3.393157959 -0.282640219 -2.438533545 0.046517737 0.764908791 -0.001386249 0.642455220
170.175282 -3.290553093 -0.305702388 -2.451375008 0.050158437 0.763899028 -0.000083634 0.643383563
170.525282 -3.073989630 -0.319001168 -2.517735481 0.047707498 0.755412400 0.010967663 0.653418481
170.825282 -2.855483770 -0.312861145 -2.614336491 0.029849084 0.735968351 0.006331215 0.676328003
171.075282 -2.700601339 -0.326313436 -2.700273991 0.025483310 0.726734817 -0.001712392 0.686443150
171.475282 -2.462412834 -0.318888068 -2.760144949 0.036192197 0.712563634 0.010728112 0.700591266
171.725281 -2.302059412 -0.335864663 -2.771365166 0.035343982 0.697819710 0.016576951 0.715208828
172.075281 -2.142013788 -0.349978149 -2.790443182 0.040112432 0.695801556 0.010473242 0.717036605
172.275281 -2.043074608 -0.350573123 -2.792630672 0.040866669 0.693862736 0.008747877 0.718893528
172.425281 -1.964622021 -0.350230366 -2.787592888 0.050423130 0.691889822 0.001763048 0.720238090
172.525281 -1.916751027 -0.350576639 -2.777072430 0.049323138 0.690234005 0.005006943 0.721885860
172.725281 -1.843117714 -0.347270489 -2.727413177 0.039534427 0.673961341 0.008464231 0.737659574
173.075281 -1.760368705 -0.325425386 -2.548548222 0.043562178 0.651816726 0.007698397 0.757085264
173.225281 -1.745089889 -0.334941626 -2.442053556 0.053556483 0.646002293 0.010833706 0.761377215
176.475280 -0.655048370 -0.381047249 -1.473609209 0.009613126 0.526936650 0.011718035 0.849769473
177.325280 -0.160580218 -0.372814238 -1.401191711 0.014598606 0.568411171 0.009425288 0.822561145
178.075280 0.172822833 -0.424467146 -1.337090015 0.012664319 0.626768529 -0.022936339 0.778764904
178.425280 0.355993390 -0.413843542 -1.291037560 0.000446800 0.727298141 -0.069743782 0.682768643
179.125279 0.465056539 -0.425156295 -1.382360458 -0.035018880 0.879811049 -0.068919152 0.468995005
179.375280 0.501006961 -0.431413710 -1.380451560 -0.035891712 0.897726476 -0.066136606 0.434079379
179.875280 0.587335706 -0.447179168 -1.428709745 -0.024166061 0.945356727 -0.075315289 0.316297710
180.075279 0.582329810 -0.465412021 -1.447814941 -0.020953292 0.965734065 -0.050032560 0.253801882
180.175279 0.567772388 -0.472958505 -1.451397419 -0.035631262 0.975167751 -0.049425133 0.212921277
180.225279 0.556606829 -0.473842293 -1.452544212 -0.043612108 0.979925454 -0.049264949 0.188194275
180.275279 0.562650263 -0.436802864 -1.446447015 -0.043637276 0.984574616 -0.062760487 0.157383978
180.375280 0.677060366 -0.503021955 -1.422402382 -0.044587504 0.995884061 -0.049002036 0.061852552
180.425279 0.660048485 -0.497574717 -1.416818857 -0.042198323 0.996865928 -0.054437492 0.038913094
180.675279 0.557426155 -0.510096550 -1.345869541 0.027776657 -0.997481346 0.052201562 0.039171837
181.525279 0.303938150 -0.518625796 -1.013108492 0.043169964 -0.952768564 0.041917514 0.297676533
181.825279 0.216825724 -0.514384985 -0.866406918 0.036232166 -0.921087980 0.033829998 0.386186123
182.075279 0.194340229 -0.519154429 -0.777023911 0.023331480 -0.888033509 0.029919699 0.458210617
182.425279 0.145351946 -0.525445700 -0.686502099 0.024815742 -0.831551671 0.038274191 0.553571224
182.825279 0.112672091 -0.538528979 -0.616221309 0.025653208 -0.749053299 0.044818535 0.660494030
185.275278 0.708389282 -0.510917068 -0.384544939 0.015425398 0.024153179 -0.010356359 0.999535620
185.825278 0.920178592 -0.514857054 -0.449697107 0.031279132 0.175629184 -0.016928099 0.983813763
187.475278 0.159344360 -0.212105930 -0.131583273 0.050613645 0.139559180 0.067944460 0.986582518
188.475277 -0.036952216 -0.033442922 -0.015153012 0.036970038 0.008433131 0.062489025 0.997325063
192.925275 -0.100140281 0.033049878 -0.009349551 0.005676855 0.016316839 0.000726101 0.999850512
201.025272 0.162953988 -0.456417590 -0.580433488 -0.021183062 -0.329637110 0.025777755 0.943517983
201.525272 0.062576160 -0.447838068 -0.656079650 -0.019231791 -0.446671605 0.033112977 0.893878222
205.725271 0.536478937 -0.518466234 -1.206641316 0.008463359 0.997739255 -0.037904173 0.054845057
205.825271 0.575899541 -0.511256754 -1.217986465 0.009253050 0.995930076 -0.036728997 0.081784159
208.475270 0.791440248 -0.464281142 -0.742045820 -0.003596721 0.597066998 -0.001991289 0.802180827
208.775270 0.758159220 -0.459442019 -0.618330121 -0.008906858 0.494430453 0.005368406 0.869154990
209.075270 0.760558903 -0.464945585 -0.595173061 -0.014381643 0.373190790 0.015467287 0.927514195
209.525270 0.664389491 -0.455508977 -0.499550074 -0.018178629 0.220868900 0.013437837 0.975041509
210.025270 0.511909485 -0.438989639 -0.410578549 -0.022109313 0.101417981 0.023728529 0.994315147
210.575270 0.353122652 -0.433242887 -0.332284778 -0.014938579 -0.037004072 0.033287972 0.998648822
211.025270 0.368063837 -0.408740431 -0.257929951 -0.012912725 -0.206772253 0.029845241 0.977848530
211.575270 0.299064994 -0.413601935 -0.298451841 -0.015166764 -0.374982327 0.032720327 0.926330209
211.975269 0.196324065 -0.434424460 -0.405750811 -0.025711242 -0.477788538 0.048205551 0.876774371
212.025269 0.187037542 -0.435763180 -0.423444152 -0.028717954 -0.487653524 0.050034497 0.871129155
212.225269 0.155072197 -0.445736468 -0.489084482 -0.026628042 -0.531279922 0.048422292 0.845392168
215.775269 0.467765093 -0.488787115 -1.074175000 0.012079406 0.997564793 -0.036049802 0.058472522
215.925269 0.516860366 -0.482966483 -1.054462314 0.013117468 0.993138492 -0.031549551 0.111841343
215.975269 0.534891188 -0.482514560 -1.051491499 0.011074783 0.990758955 -0.030451909 0.131706744
216.075269 0.560936689 -0.489148319 -1.048072338 0.013279031 0.983989477 -0.025411049 0.175905287
218.175268 0.787797689 -0.433564931 -0.508214772 -0.011843614 0.528928399 0.012737622 0.848488212
218.725268 0.795630574 -0.438888133 -0.410834342 -0.023005720 0.316140741 0.025986467 0.948077261
219.125268 0.707482636 -0.422666073 -0.298692107 -0.027018793 0.162816480 0.026385937 0.985933363
219.625267 0.556413770 -0.397790968 -0.166371405 -0.035770539 0.020458603 0.040608574 0.998325050
220.375267 0.391227573 -0.387442797 0.061104484 -0.029935006 -0.078669302 0.032726675 0.995913684
221.025267 0.376480043 -0.346517503 0.365667641 -0.016729586 -0.175168663 0.010140652 0.984344065
221.825267 0.228670344 -0.319878101 0.681445181 -0.012016111 -0.286208898 0.029679883 0.957632065
222.775267 -0.007436812 -0.305003494 1.014019847 -0.009931204 -0.512204528 0.022738218 0.858505011
223.825266 -0.390303731 -0.295416206 1.098331690 -0.010366258 -0.677254617 0.040474307 0.734561563
224.575266 -0.639209867 -0.287382364 1.114817142 0.009098759 -0.802761555 0.038482219 0.594987631
225.175266 -0.817068815 -0.280528009 1.238309860 -0.001964143 -0.852284074 0.024956161 0.522479892
225.725266 -1.052545428 -0.286383331 1.236197829 0.014049808 -0.870225608 0.023773234 0.491878837
226.275266 -1.278689504 -0.295960218 1.189938307 0.003387032 -0.897172213 0.022152893 0.441112041
226.875265 -1.517436504 -0.293382674 1.150423527 0.000140419 -0.918989062 0.008482854 0.394191742
227.875265 -1.747516990 -0.262807071 0.837499857 -0.002105885 -0.939828455 -0.002121834 0.341633737
228.825265 -2.011390209 -0.249650270 0.698116183 0.005155077 -0.922599375 -0.012211469 0.385531723
229.275265 -2.156715870 -0.250190884 0.721963882 0.000220999 -0.893516600 -0.016145026 0.448739797
229.575265 -2.235677242 -0.223615184 0.766020775 -0.016697722 -0.863746524 -0.026203459 0.502967834
229.825265 -2.295541763 -0.193723351 0.819837332 -0.023683690 -0.835725963 -0.030672869 0.547777534
230.125265 -2.360206127 -0.193266928 0.879338503 -0.038543403 -0.794750512 -0.035259910 0.604683995
230.325265 -2.393372297 -0.196614429 0.925364256 -0.048245586 -0.758127928 -0.034179665 0.649419963
230.475265 -2.413992405 -0.199660301 0.961210251 -0.055115405 -0.720639467 -0.023729760 0.690708339
230.675265 -2.435642004 -0.201995358 0.999107361 -0.062246818 -0.670890450 -0.014062862 0.738805532
230.925265 -2.457005024 -0.196916670 1.024666548 -0.062975802 -0.618625760 -0.002932860 0.783152401
231.475265 -2.522196531 -0.182370484 1.082801104 -0.062035400 -0.544646204 0.011532506 0.836288929
232.625264 -2.632628679 -0.199856147 0.980708599 -0.025729811 -0.597848713 0.014363159 0.801067173
235.125264 -1.701946378 -0.254111469 0.839576960 -0.053247269 -0.949417353 -0.011228380 0.309266031
235.325263 -1.624747038 -0.258608103 0.856081367 -0.054286674 -0.966038227 -0.009791390 0.252442479
235.425264 -1.581924200 -0.254416317 0.865676463 -0.052798927 -0.972066045 -0.012695556 0.228339165
235.525263 -1.535431266 -0.249879658 0.878158689 -0.051967252 -0.976978540 -0.017419588 0.206177086
235.675263 -1.465919495 -0.241726190 0.899657249 -0.058633406 -0.982221782 -0.026165580 0.176402748
235.775263 -1.425015569 -0.237762123 0.916927218 -0.060448676 -0.985134304 -0.031671133 0.157649517
235.925264 -1.362833261 -0.232497022 0.950032532 -0.056960180 -0.987627804 -0.035210535 0.141799599
236.075263 -1.299447775 -0.223946616 0.990214407 -0.052657768 -0.988883555 -0.043283954 0.132147536
236.175263 -1.252638698 -0.212807298 1.017576098 -0.047865428 -0.988397062 -0.050692040 0.134946123
236.275263 -1.208865404 -0.202650115 1.045977592 -0.048199784 -0.986308753 -0.056704771 0.147161096
236.375263 -1.168513656 -0.197620749 1.072172284 -0.052341335 -0.983425856 -0.063881315 0.161410093
236.475263 -1.124930859 -0.194095567 1.095077515 -0.051646434 -0.981907904 -0.068416640 0.168845326
236.575263 -1.088117719 -0.194517285 1.117428780 -0.050852392 -0.980335891 -0.072125413 0.176503614
236.725263 -1.035269618 -0.190353543 1.150647402 -0.037171029 -0.980577707 -0.072470270 0.178420126
236.875263 -0.983803391 -0.185377568 1.178944826 -0.022268049 -0.983595073 -0.077983670 0.161131680
236.975263 -0.944456816 -0.176077783 1.197045565 -0.012676976 -0.985873580 -0.084743313 0.143913642
237.125263 -0.888012171 -0.157194495 1.233904719 -0.002956994 -0.987734795 -0.088411592 0.128664941
237.175263 -0.869952440 -0.150057316 1.245592356 -0.005698998 -0.988256216 -0.093833163 0.120467693
237.225263 -0.849704385 -0.142235160 1.259549022 -0.003813241 -0.988747418 -0.097515985 0.113378584
237.325263 -0.815166473 -0.131360292 1.284355998 -0.006014580 -0.988940418 -0.103919029 0.105648026
237.475263 -0.778839111 -0.124864221 1.314298987 -0.015539898 -0.987597167 -0.110882059 0.110070392
237.875263 -0.730714679 -0.133995086 1.315632343 -0.014171493 -0.980342329 -0.108701415 0.164049312
238.075263 -0.704545856 -0.147310913 1.282367826 -0.029075619 -0.971531451 -0.092848033 0.216010317
238.175263 -0.686541796 -0.153221637 1.268049359 -0.037876394 -0.966224730 -0.083266422 0.240918949
238.325263 -0.665811539 -0.160312057 1.253500700 -0.051654946 -0.954296768 -0.072690770 0.285246611
238.475263 -0.650087237 -0.167918682 1.261941791 -0.060023222 -0.938030958 -0.065324895 0.335004151
238.625263 -0.648002148 -0.172534361 1.280936718 -0.058012925 -0.917289436 -0.061962411 0.389069676
239.025263 -0.664195061 -0.170578033 1.366585374 -0.048598729 -0.827020407 -0.037109211 0.558836699
239.375262 -0.672399759 -0.178324476 1.467369676 -0.082544044 -0.740064442 -0.027084589 0.666901469
239.625262 -0.664765894 -0.182392046 1.547338486 -0.082990728 -0.665380895 -0.027731694 0.741358161
239.925263 -0.606561065 -0.191639319 1.591418505 -0.088687830 -0.572037756 -0.011123326 0.815342605
240.625262 -0.344107270 -0.254370034 1.553311467 -0.080603026 -0.361298710 -0.009707285 0.928909123
241.475262 -0.106391825 -0.292306185 1.507312775 -0.071667060 -0.274744362 0.005877894 0.958824754
241.775262 -0.011724867 -0.314251274 1.448761582 -0.059544526 -0.177439585 0.009398948 0.982283711
242.175262 0.059776273 -0.329180181 1.330039144 -0.067263685 -0.056597237 0.024745159 0.995821297
242.675262 0.167109668 -0.358321100 1.236253738 -0.053347621 0.015793091 0.026543269 0.998098195
243.075262 0.296994627 -0.345485985 1.160627007 -0.061086476 0.116020240 0.026787171 0.991004646
243.775261 0.480066597 -0.326791942 0.984157979 -0.073292479 0.283508211 0.042308636 0.955228388
244.225261 0.463329554 -0.326542526 0.917786598 -0.082236968 0.396634012 0.049963202 0.912919641
244.875261 0.517294049 -0.322353840 0.829729438 -0.087654330 0.498888433 0.056045383 0.860398710
245.225261 0.542671144 -0.335630983 0.753960729 -0.077683181 0.564395308 0.058435019 0.819761395
245.525261 0.556044936 -0.361694932 0.717359364 -0.064991139 0.594811380 0.057383444 0.799176335
246.075261 0.563187003 -0.443356603 0.714630961 -0.038623724 0.596233964 0.042705782 0.800743163
246.425261 0.569775581 -0.515703082 0.728206694 -0.006686796 0.596818745 0.034506347 0.801605880
246.825261 0.572772384 -0.601636291 0.769993842 0.012516749 0.604490697 0.014023553 0.796390414
247.375261 0.525552034 -0.655660033 0.819043279 0.049526129 0.573187292 -0.014679597 0.817794621
247.975260 0.452628404 -0.640067697 0.917328238 0.052308768 0.476266623 0.001664043 0.877742112
248.525260 0.357285380 -0.636177599 1.055691600 0.049272254 0.441438138 -0.006859707 0.895911634
248.925261 0.298916996 -0.619536579 1.199828029 0.050605822 0.416007757 -0.001397098 0.907950819
249.325260 0.230428651 -0.607774675 1.402974606 0.064138375 0.378185242 0.040970515 0.922596157
249.925260 0.077351570 -0.598021805 1.600122452 0.073414765 0.365987599 0.018223878 0.927540481
250.575260 -0.167229265 -0.575482428 1.692404032 0.049850378 0.402082980 0.010870500 0.914180577
251.125260 -0.294381261 -0.434227496 1.742238998 0.012965649 0.358159333 0.027786132 0.933156848
251.525259 -0.353633255 -0.336641401 1.771797180 -0.040676404 0.319562882 0.028574970 0.946260273
252.075259 -0.420035243 -0.236173421 1.772432089 -0.088805668 0.286837488 0.006716615 0.953830540
252.375259 -0.460429460 -0.175597534 1.760146022 -0.125652060 0.248885393 -0.006636968 0.960324705
253.575259 -0.296020508 -0.215983286 1.607295275 -0.110409997 0.419498742 0.009575961 0.900965452
254.025259 -0.212451100 -0.221022785 1.488729715 -0.100947984 0.543376923 0.011406546 0.833319247
254.475259 -0.188332200 -0.217820063 1.394484758 -0.085265733 0.639118075 0.010180583 0.764299870
255.125259 -0.166751266 -0.225798070 1.290417314 -0.068640262 0.736130118 0.028412255 0.672750890
256.175258 0.105049491 -0.253605664 1.127356291 -0.052540559 0.715288222 0.010766238 0.696768582
257.175258 0.352321744 -0.258910775 0.976775646 -0.055389620 0.714074135 0.006025446 0.697849393
257.525258 0.436633468 -0.278015018 0.887371182 -0.049550302 0.733909667 -0.001113232 0.677436471
258.075258 0.510650575 -0.282566905 0.730459094 -0.054630794 0.754376471 -0.004705960 0.654147863
258.475258 0.535406113 -0.293501318 0.586341262 -0.068282470 0.755700886 -0.022455810 0.650960326
258.975258 0.512947559 -0.299059480 0.432057858 -0.050619569 0.794129431 -0.023037314 0.605198681
260.075257 0.705943346 -0.314962447 0.083013296 -0.039025955 0.799441218 -0.011188962 0.599370956
260.875258 0.701465845 -0.337682188 -0.291072786 -0.053755559 0.779462397 -0.023723667 0.623687446
261.725257 0.808318377 -0.338105559 -0.561202526 -0.045183670 0.729308784 -0.020945447 0.682369709
262.575257 0.961239457 -0.389639556 -0.770764112 -0.055529661 0.629912496 -0.014597489 0.774540901
263.075257 1.053041577 -0.495480001 -0.794145167 -0.050350331 0.590830445 0.012629243 0.805124044
266.275256 1.262628555 -0.713681221 -1.312469125 -0.067202054 0.853756070 -0.024546955 0.515734375
268.075255 1.123134613 -0.358915478 -1.175632715 -0.098441638 0.858671904 0.083648227 0.495978624
269.575255 0.804629862 -0.199935019 -0.810837269 -0.147139251 0.890403032 0.087105595 0.421835423
271.175255 0.435205340 -0.192046598 -0.496933281 -0.094831795 0.939796269 0.146505028 0.293813258
271.575255 0.364681482 -0.229434490 -0.489230990 -0.061399404 0.975503087 0.152929097 0.145727605
271.875255 0.322876632 -0.262347639 -0.439727068 -0.031837687 0.986499667 0.155391216 0.040723223
272.125254 0.262304425 -0.273336351 -0.390123308 0.007092776 -0.987004936 -0.151351929 0.053512089
272.375254 0.225128263 -0.265939474 -0.329429388 -0.007994554 -0.978863657 -0.148534358 0.140355453
273.225254 0.232144237 -0.364720285 -0.327931255 -0.021471703 -0.973154843 -0.088419035 0.211401895
273.575254 0.234393656 -0.486453652 -0.355015278 -0.028735101 -0.969404280 -0.039180502 0.240612820
274.175254 0.262891889 -0.663936377 -0.346519649 -0.022250626 -0.969443321 0.044383720 0.240238816
275.325253 0.194455951 -0.642150939 -0.329202414 0.010932865 -0.935242891 0.030559264 0.352515697
275.425254 0.185008824 -0.620969474 -0.332938015 0.007362284 -0.934974670 0.024385577 0.353798747
276.975253 0.229392290 -0.369641483 -0.747556865 -0.030956687 -0.968854725 -0.032849267 0.243481234
277.475253 0.172602355 -0.347451419 -0.820582747 -0.039697994 -0.940757334 -0.050821431 0.332891852
278.125253 -0.041593552 -0.358978689 -0.994122267 -0.019918248 -0.948229432 -0.041944738 0.314173490
278.575253 -0.107819736 -0.385850906 -1.175918579 -0.031977903 -0.970363200 -0.025253359 0.238191009
278.725253 -0.089891493 -0.409068942 -1.247992992 -0.028341612 -0.979162991 -0.015556398 0.200486109
279.275253 -0.134904593 -0.570682526 -1.331515908 -0.034568369 -0.995930254 0.005156148 0.083074711
279.725252 -0.314916134 -0.645830035 -1.338633537 -0.005001340 -0.998331547 0.016268630 0.055176664
279.975252 -0.423183501 -0.676946402 -1.338565469 0.011083880 -0.995508373 0.018319933 0.092220388
280.425253 -0.563349366 -0.665650249 -1.381954670 0.018578902 -0.983014107 0.027018135 0.180577248
280.975252 -0.749393225 -0.625032485 -1.509506702 0.005419319 -0.952921629 0.025101556 0.302127212
281.375252 -0.873626471 -0.595863640 -1.593839884 -0.000242579 -0.924139977 -0.000350041 0.382053852
281.575252 -0.948615015 -0.584398627 -1.629405737 0.001359208 -0.912712097 0.000999598 0.408599734
281.725252 -1.013616920 -0.576670766 -1.655616522 0.005532278 -0.904670954 0.006200311 0.426029980
281.925252 -1.107248068 -0.572174013 -1.679506183 0.003984041 -0.894005895 0.005580573 0.448002726
282.075252 -1.174953580 -0.570344865 -1.699489594 0.002102709 -0.887781799 0.001474533 0.460257471
282.175252 -1.212692976 -0.565022647 -1.719078541 -0.007828839 -0.885058343 -0.006407212 0.465370148
282.425252 -1.269653678 -0.550225735 -1.785225153 -0.015644759 -0.883336067 -0.013744884 0.468277365
282.775252 -1.321924686 -0.560052335 -1.861912727 -0.002520166 -0.853422940 0.002287949 0.521208048
282.975252 -1.349447370 -0.593792379 -1.907391310 -0.007649220 -0.825035989 0.021136748 0.564632952
283.125252 -1.362120748 -0.626387179 -1.944051743 -0.004922697 -0.800833046 0.030100310 0.598110497
283.175252 -1.365547776 -0.635772943 -1.954407454 -0.000819237 -0.792196572 0.030437380 0.609505951
283.275252 -1.366057634 -0.656801760 -1.976022840 0.003297229 -0.776072860 0.029643895 0.629937530
283.475251 -1.382232428 -0.696950436 -2.006369591 0.022246346 -0.754243433 0.035835490 0.655238688
283.725251 -1.405960798 -0.736517370 -2.050493717 0.035942703 -0.727210402 0.045868784 0.683936536
283.925252 -1.433393717 -0.758289635 -2.092617989 0.044746883 -0.702206016 0.056736350 0.708297551
284.125251 -1.454855680 -0.771407783 -2.142624378 0.046958324 -0.680607557 0.062447563 0.728470087
284.425252 -1.468754292 -0.768354833 -2.214101791 0.037152566 -0.658406794 0.057352424 0.749553800
284.575251 -1.463006020 -0.753363729 -2.247809410 0.032270055 -0.649413705 0.045933552 0.758360386
284.725251 -1.438436985 -0.736683667 -2.286010742 0.026020437 -0.635484517 0.046540331 0.770270348
284.875251 -1.402198553 -0.717755318 -2.327325583 0.016912274 -0.616656840 0.040295374 0.786018252
285.075251 -1.338366985 -0.689279914 -2.378355026 0.004287302 -0.594369173 0.044594932 0.802943468
285.425251 -1.240707159 -0.598225474 -2.463088274 -0.009745738 -0.579015911 0.001521286 0.815256655
285.725251 -1.183970928 -0.523956120 -2.519245386 -0.023715444 -0.595003426 -0.037545606 0.802495420
285.975251 -1.127162814 -0.465513557 -2.552971840 -0.041227695 -0.601462603 -0.050097175 0.796262085
286.125251 -1.096810937 -0.433225751 -2.567869902 -0.055128507 -0.601625025 -0.050384514 0.795279562
286.325251 -1.069678426 -0.411216915 -2.573107481 -0.063522570 -0.584395647 -0.054566104 0.807136357
286.575251 -1.038294792 -0.420932680 -2.536771059 -0.043544110 -0.526042759 -0.048603512 0.847950876
286.925251 -0.952485204 -0.443164349 -2.444330215 -0.025115402 -0.457053214 -0.053012695 0.887502789
287.325250 -0.818074942 -0.439703047 -2.287300110 -0.025884636 -0.371949703 -0.063136056 0.925741434
287.725250 -0.675620675 -0.424673975 -2.172543526 -0.022338068 -0.283889890 -0.048575871 0.957365096
288.025250 -0.800660670 -0.475991368 -2.582208633 -0.042510744 -0.122047946 -0.038981289 0.990846932
288.575250 -0.820146978 -0.569161177 -2.540815115 -0.011014971 -0.070773520 -0.023877064 0.997145772
288.775250 -0.853564918 -0.633250654 -2.538238287 0.006797722 -0.058262955 -0.021521959 0.998046160
288.925251 -0.880343318 -0.678906679 -2.543373585 0.011497031 -0.043472711 -0.016343985 0.998854756
289.025250 -0.904111981 -0.715409756 -2.545005322 0.021061748 -0.031206708 -0.018511573 0.999119520
289.225250 -0.939105093 -0.783477128 -2.571395397 0.042606711 -0.021082126 -0.019145537 0.998685956
289.325250 -0.960558474 -0.819808781 -2.585511923 0.052089181 -0.017219013 -0.014984434 0.998381555
289.525250 -1.021148682 -0.887919426 -2.620260954 0.062070105 -0.007308824 0.000908455 0.998044670
289.675250 -1.084315777 -0.904691935 -2.652682543 0.073874198 -0.010724305 0.003674098 0.997203171
289.775250 -1.111863971 -0.915532827 -2.682300329 0.075095020 -0.028678712 0.001523127 0.996762753
290.075250 -1.216823220 -0.889108360 -2.746457577 0.061536547 -0.077019848 -0.006644017 0.995106578
290.275250 -1.250859380 -0.843342304 -2.798135757 0.044362091 -0.114959948 0.003011040 0.992374480
290.775250 -1.254148245 -0.689185262 -2.902593374 0.018129865 -0.130147278 -0.036334686 0.990662813
291.675249 -1.116052032 -0.496074766 -3.166991472 -0.035942324 -0.072125383 -0.044376496 0.995759428
292.525249 -1.204204798 -0.452067226 -3.098351479 -0.070961505 -0.008488454 -0.029549878 0.997005165
293.475249 -1.385816693 -0.433528095 -2.659461021 -0.046416994 -0.138750359 -0.026008870 0.988897085
294.225249 -1.548908472 -0.555475354 -2.351399422 -0.032503933 -0.143261269 -0.009293198 0.989107370
294.875249 -1.667753577 -0.749355674 -2.166069508 0.017544618 -0.132000580 0.011359597 0.991029263
295.475248 -1.546219945 -0.619667709 -2.026016474 0.020480314 -0.069423124 -0.013021349 0.997292042
295.675248 -1.478915811 -0.565403283 -1.954813957 0.011210186 -0.036940429 -0.015196794 0.999139071
295.775249 -1.445315838 -0.533950388 -1.916811824 -0.001788917 -0.016308920 -0.015034502 0.999752402
295.925249 -1.405788302 -0.477376372 -1.869146585 -0.012505409 0.025481682 -0.018393999 0.999427855
295.975249 -1.391510487 -0.459491968 -1.854403257 -0.020410536 0.040318415 -0.014511922 0.998872995
296.075248 -1.367370129 -0.426107645 -1.831458211 -0.035345651 0.070406921 -0.015768649 0.996767223
296.125248 -1.356649637 -0.405191749 -1.825690866 -0.036325656 0.085788302 -0.017409965 0.995498717
296.275248 -1.331684947 -0.353314131 -1.804395676 -0.039173484 0.140933111 -0.014213694 0.989141703
296.325248 -1.323932052 -0.335540533 -1.802847028 -0.042528093 0.158132181 -0.016367501 0.986365914
296.425249 -1.314899445 -0.305377960 -1.790681601 -0.052883159 0.191454798 -0.023817113 0.979786277
296.475248 -1.308784366 -0.291931480 -1.788416862 -0.059539031 0.208906695 -0.023774432 0.975831926
296.575248 -1.303762197 -0.273429185 -1.770493746 -0.067354575 0.243487239 -0.018723812 0.967381358
296.975248 -1.318779826 -0.402450114 -1.737276316 -0.022634465 0.303470314 -0.020436021 0.952352762
297.025248 -1.314168930 -0.430854350 -1.733370543 -0.011844648 0.306295097 -0.024340335 0.951551735
297.225248 -1.311951280 -0.568203092 -1.692844152 0.021510549 0.317505449 -0.058311038 0.946217477
297.375248 -1.322886825 -0.640354514 -1.672221422 0.046064418 0.333873689 -0.088501044 0.937322795
299.975247 -1.330395818 -0.376477361 -1.903810382 -0.026121646 0.752748370 -0.026468141 0.657257199
300.375247 -1.407923937 -0.300670445 -1.979377866 -0.030192008 0.817015827 -0.001852188 0.575821340
300.625247 -1.497591019 -0.251350284 -2.052953720 -0.036333371 0.866879225 0.024540721 0.496586412
300.875247 -1.579848289 -0.211870521 -2.107136965 -0.042167649 0.903536797 0.048181448 0.423699975
301.375247 -1.695548773 -0.220391691 -2.151056767 -0.033048272 0.953012347 0.051707476 0.296650827
302.775247 -1.432091236 -0.272985876 -2.206982136 -0.035784174 0.965597749 0.009210771 0.257401794
303.075247 -1.345098972 -0.301537395 -2.171859264 -0.020726556 0.990396559 0.006969735 0.136515662
303.325246 -1.384908915 -0.327145010 -2.135829449 -0.019042023 0.999352694 0.000000800 0.030522134
303.475247 -1.430827260 -0.333079338 -2.120771646 0.035329245 -0.999085486 0.001750829 0.024020163
303.625246 -1.477905512 -0.343981504 -2.104210377 0.037579890 -0.996128619 -0.000368561 0.079469495
303.825246 -1.536109447 -0.351701379 -2.080152988 0.028985599 -0.988342345 0.002997721 0.149433285
304.175246 -1.602430940 -0.357521892 -2.052862406 0.009632506 -0.969429612 0.004274829 0.245143324
304.525246 -1.668608189 -0.364364594 -2.095008850 0.001873907 -0.952669263 0.008878286 0.303873450
304.725246 -1.719417572 -0.370958954 -2.143366575 0.000061187 -0.943433762 0.017168604 0.331116289
305.025246 -1.803502917 -0.397847474 -2.214393616 -0.014557651 -0.924682736 0.035620261 0.378789008
305.525246 -1.869598746 -0.409319878 -2.329715729 -0.018487867 -0.883150518 0.028875787 0.467834979
305.725246 -1.896929145 -0.404142886 -2.376731396 -0.017000599 -0.861090243 0.023796711 0.507610381
305.925246 -1.919663668 -0.408682585 -2.421492100 -0.018182032 -0.834132135 0.026322471 0.550636113
306.175246 -1.945440054 -0.420353979 -2.472702503 -0.024909219 -0.806854546 0.022603041 0.589791715
306.475246 -2.018241167 -0.412267745 -2.519942284 -0.022962570 -0.782061338 0.019515567 0.622472465
306.775246 -2.155378342 -0.405757189 -2.568929911 -0.016967153 -0.765191853 0.024286563 0.643120289
307.075246 -2.320823908 -0.411569655 -2.618422270 -0.011864848 -0.751718402 0.027689390 0.658795953
307.475245 -2.488286734 -0.394334197 -2.642497540 -0.020145994 -0.724211574 0.022054708 0.688930571
307.825245 -2.665418386 -0.392714262 -2.653908253 -0.027244341 -0.684809566 0.030693388 0.727565467
308.025245 -2.749747515 -0.397524983 -2.659114838 -0.017052663 -0.671043992 0.025495844 0.740782797
308.125245 -2.795803547 -0.394401968 -2.657819510 -0.014885045 -0.663095236 0.023263926 0.748025417
308.225245 -2.838187695 -0.386572838 -2.647287130 -0.015749281 -0.651366949 0.020529984 0.758321583
308.325245 -2.887668610 -0.377924442 -2.638404131 -0.016735656 -0.641957402 0.022243707 0.766234875
308.375245 -2.913516283 -0.377202988 -2.632992744 -0.018885260 -0.636955023 0.026748234 0.770205379
308.425246 -2.944479942 -0.378500193 -2.628909588 -0.017687818 -0.632714629 0.029002201 0.773639560
308.575245 -3.032878637 -0.384953439 -2.610074759 -0.016134037 -0.624640107 0.029459722 0.780190051
308.675245 -3.086553812 -0.386632144 -2.594623089 -0.012327708 -0.621784270 0.031578951 0.782454550
308.725245 -3.114817381 -0.385516882 -2.598937035 -0.005999541 -0.618593633 0.033381939 0.784978688
308.825245 -3.164278746 -0.384437412 -2.585193157 -0.009627721 -0.616897166 0.029163126 0.786444366
309.075245 -3.292937994 -0.363160729 -2.559763193 -0.007109317 -0.607117891 0.022345820 0.794265687
309.125245 -3.315227270 -0.357056141 -2.556058884 -0.007357945 -0.604434550 0.021535436 0.796329677
309.275245 -3.401905060 -0.344904304 -2.538002491 -0.005595378 -0.597780764 0.019925492 0.801392496
309.575245 -3.566769123 -0.348239094 -2.499701977 -0.014566797 -0.582594454 0.010057421 0.812570155
309.825245 -3.708812237 -0.326466262 -2.454743862 -0.015436083 -0.589323401 0.002801164 0.807744920
310.125245 -3.906700611 -0.307936281 -2.371146441 -0.011505919 -0.606354952 -0.007868496 0.795071900
310.275245 -3.991896629 -0.307488203 -2.337715864 -0.002179147 -0.616084933 -0.016650613 0.787500799
310.525245 -4.133802414 -0.290052384 -2.317181349 -0.009822076 -0.624848366 -0.015656756 0.780527353
310.875245 -4.359529495 -0.269835740 -2.331689119 -0.012186950 -0.615714133 -0.006402955 0.787849367
311.075245 -4.483908176 -0.283185035 -2.320587158 -0.006785248 -0.599818826 0.004836219 0.800092459
311.225244 -4.568062305 -0.278884232 -2.318344355 -0.005607923 -0.587008953 0.006277569 0.809536695
311.375244 -4.650373459 -0.273799568 -2.305503845 -0.003114619 -0.575801253 0.003932923 0.817574382
311.425245 -4.675998211 -0.267288357 -2.294057369 -0.000286478 -0.572935820 0.006663722 0.819573104
311.525244 -4.726665497 -0.261041373 -2.280651331 0.009937476 -0.565784514 0.006865448 0.824464679
311.675244 -4.790049553 -0.257714540 -2.246047020 0.004282204 -0.546439290 0.007800408 0.837451518
311.825244 -4.850695610 -0.257222891 -2.208955765 0.015276366 -0.532695115 0.003035663 0.846163929
311.925245 -4.887082100 -0.261091858 -2.189692974 0.020178249 -0.524180710 0.003455808 0.851360977
312.175244 -4.936586380 -0.244152337 -2.133132935 0.017631648 -0.478554994 0.005891431 0.877860785
312.275244 -4.946068287 -0.246800020 -2.119019985 0.017575398 -0.455761731 0.000302927 0.889928222
312.375244 -4.951241970 -0.229931146 -2.098096371 0.019481335 -0.430341214 -0.001970522 0.902453959
312.475244 -4.957064629 -0.207783341 -2.088971138 0.020949187 -0.396748692 -0.001210461 0.917687416
312.525244 -4.967678070 -0.210260108 -2.092997074 0.021576308 -0.377613783 -0.002658479 0.925707996
312.625244 -4.960808754 -0.203308895 -2.070656300 0.025687527 -0.343601286 -0.002884260 0.938759804
312.675244 -4.952308655 -0.203406572 -2.059889317 0.025653953 -0.328207046 -0.003644483 0.944250405
312.825244 -4.965144634 -0.210467413 -2.055437326 0.027617471 -0.272080600 -0.002632565 0.961874485
313.225244 -4.570773125 -0.358439505 -1.919550776 0.001968146 -0.192683980 -0.014322135 0.981154382
313.725244 -4.378558159 -0.367539883 -1.968547225 0.002741783 -0.045393039 -0.030433552 0.998501778
314.625244 -4.135188103 -0.385009825 -2.159712553 0.017142819 0.175103664 -0.032593891 0.983861029
315.225243 -4.557295322 -0.382830948 -1.861568451 0.024765629 0.591383696 -0.044853449 0.804760933
315.575244 -4.574759007 -0.379352808 -1.956562996 0.013825726 0.703759968 -0.051352125 0.708444595
315.775244 -4.600014687 -0.382638395 -2.013254166 0.015886948 0.754979491 -0.050046157 0.653642833
316.075243 -4.659018040 -0.380894780 -2.096137524 0.014476479 0.819658220 -0.055703118 0.569954395
316.275243 -4.709746361 -0.386320144 -2.151591778 0.018071329 0.852701724 -0.057103373 0.518953204
316.425244 -4.748162270 -0.389418602 -2.186986923 0.020831184 0.871260941 -0.055271070 0.487253070
316.625243 -4.797343254 -0.395389616 -2.232688427 0.020410491 0.894612014 -0.048210587 0.443766385
316.925244 -4.843131542 -0.396772444 -2.289271116 0.004651645 0.932241917 -0.030719334 0.360499263
317.175243 -4.895650387 -0.395909756 -2.347143173 0.011890098 0.955093861 -0.018519087 0.295485139
317.675243 -5.032904625 -0.393932372 -2.416057587 0.032414600 0.985347986 -0.011326712 0.167064130
317.875243 -5.085016251 -0.388877958 -2.428101778 0.036147777 0.993115783 -0.012758759 0.110687010
318.075243 -5.136552334 -0.389313459 -2.422738791 0.036834773 0.998370051 -0.022485707 0.037347339
318.725243 -5.225664139 -0.397703350 -2.338228226 -0.034816701 -0.974245489 0.024449341 0.221440420
319.125242 -5.277539253 -0.395812273 -2.204978943 -0.032463521 -0.930389166 0.018460596 0.364666045
319.875242 -5.260410786 -0.358132184 -1.988633156 -0.023732413 -0.796097815 0.034685925 0.603706837
320.125242 -5.278701305 -0.359426647 -1.903280258 -0.023518341 -0.761113822 0.025464537 0.647691429
320.225242 -5.284234524 -0.350178748 -1.866691113 -0.018527083 -0.751475394 0.028447179 0.658887088
320.325242 -5.287227631 -0.360623181 -1.827752590 -0.017352233 -0.742203772 0.023984548 0.669520140
320.625242 -5.294021606 -0.351628095 -1.750535965 -0.016339380 -0.697273254 0.020417877 0.716328263
321.225242 -5.282026291 -0.348243505 -1.597482204 -0.027541120 -0.556760788 0.027100045 0.829773784
321.375242 -5.283564568 -0.352821946 -1.580385208 -0.027571073 -0.513124108 0.035581142 0.857133269
321.475242 -5.280607224 -0.360067219 -1.564321518 -0.024118112 -0.490270436 0.035812143 0.870500267
322.325242 -5.074320316 -0.373260230 -1.496781230 -0.009482756 -0.210249275 0.011690367 0.977531910
322.475242 -5.060494423 -0.360527694 -1.494300008 -0.005008597 -0.174152166 0.010607159 0.984648883
322.675242 -5.024370670 -0.358320832 -1.488297105 -0.001188862 -0.136599377 0.005879211 0.990608215
323.325241 -4.925577641 -0.364107668 -1.465893507 0.007131731 -0.043362994 -0.003762820 0.999026835
323.825241 -4.810593605 -0.380237371 -1.502012491 -0.009008219 0.080701515 -0.001811209 0.996695995
324.425242 -4.747802258 -0.393116087 -1.598263502 -0.002651342 0.273629218 0.001381226 0.961830616
325.125241 -4.616195679 -0.406206369 -1.769799113 -0.005577703 0.452034026 -0.005157533 0.891968369
325.625241 -4.533265591 -0.431626856 -1.926476717 -0.006973303 0.558721483 -0.018233852 0.829125583
326.375241 -4.571936607 -0.402450442 -2.026726723 0.012892877 0.742450356 -0.026645079 0.669246793
326.775241 -4.601174355 -0.408753455 -2.092105389 0.024579782 0.829647481 -0.028284643 0.557028651
327.075241 -4.649694920 -0.405479312 -2.110577106 0.026130622 0.874668777 -0.025053233 0.483367503
327.325240 -4.692481041 -0.407910764 -2.139589310 0.022868186 0.899836659 -0.027474737 0.434759885
327.575241 -4.736900806 -0.403720856 -2.159704447 0.017042583 0.931684434 -0.028962368 0.361711055
327.925241 -4.824293613 -0.408892721 -2.205815792 0.024365654 0.958874106 -0.025792105 0.281605452
328.125240 -4.884881496 -0.412852556 -2.236020327 0.027774852 0.970813692 -0.026219640 0.236773908
328.425241 -5.003382206 -0.414799094 -2.277266741 0.030355394 0.987862408 -0.029082399 0.149534926
328.525240 -5.046498775 -0.410495579 -2.290120363 0.030629491 0.991625428 -0.030207269 0.121771976
330.775240 -5.047160625 -0.285198152 -2.276470661 -0.021550490 -0.989051998 -0.051214769 0.136706948
332.075239 -5.172431946 -0.264360130 -1.886634827 -0.001240144 -0.913547337 -0.051202293 0.403494865
332.675239 -5.144358158 -0.245380312 -1.714926243 -0.012214272 -0.797279060 -0.052151646 0.601229668
332.825239 -5.138770103 -0.248203903 -1.669603825 -0.015633432 -0.766859174 -0.054186210 0.639332831
332.875239 -5.136385441 -0.245213836 -1.657645702 -0.016078558 -0.757985413 -0.053058617 0.649911046
332.975239 -5.134195328 -0.259295285 -1.636818886 -0.019474529 -0.741365254 -0.056076046 0.668471336
333.025239 -5.129662037 -0.256091923 -1.628146648 -0.021273574 -0.732255101 -0.053708337 0.678575933
333.125239 -5.121706009 -0.255650133 -1.607740402 -0.023966864 -0.717335224 -0.049701795 0.694539785
333.275239 -5.103345394 -0.248338372 -1.581301451 -0.019126954 -0.693638325 -0.044363309 0.718701541
333.425239 -5.086790085 -0.244248107 -1.568542719 -0.022432569 -0.662459254 -0.036897387 0.747852325
333.575239 -5.060821533 -0.255023301 -1.568176031 -0.026317682 -0.628214717 -0.031758912 0.776945949
333.825239 -5.008497238 -0.256105125 -1.568607807 -0.041510511 -0.566709936 -0.027334794 0.822416961
334.075239 -4.924939632 -0.254152417 -1.573357105 -0.046226650 -0.498548925 -0.031708051 0.865047216
334.375239 -4.818213463 -0.253108501 -1.588992834 -0.052455921 -0.422850490 -0.036766648 0.903932571
334.975239 -4.660024643 -0.259998679 -1.639122248 -0.052689739 -0.360020578 -0.041182883 0.930544436
335.375238 -4.559881210 -0.255439192 -1.732293844 -0.062367059 -0.357665569 -0.044990726 0.930678010
335.675238 -4.500639915 -0.266235232 -1.772189856 -0.066107541 -0.333020866 -0.046815816 0.939433455
336.125239 -4.440900803 -0.279075205 -1.764876246 -0.058423288 -0.182629600 -0.031545665 0.980937302
336.425239 -4.528066635 -0.253045797 -1.787888288 -0.043089926 -0.041888434 -0.059080422 0.996442735
336.775238 -4.473927021 -0.290406406 -1.863262892 -0.035202943 0.083950512 -0.065536581 0.993689120
337.275238 -4.319759846 -0.316230953 -2.000044346 -0.043294787 0.250726312 -0.068270110 0.964676678
337.875238 -4.188227177 -0.351315618 -2.176776409 -0.048940215 0.415402532 -0.066974901 0.905847669
339.025238 -4.378940105 -0.573891640 -2.011040449 0.010083787 0.395996392 -0.032263115 0.917629778
341.025237 -4.841479301 -0.536665857 -1.600696206 0.019962184 0.232165769 -0.012778372 0.972387433
341.975237 -5.216694355 -0.345326185 -1.388803959 0.008868558 0.266349912 -0.027941613 0.963430524
344.975236 -4.702251434 -0.376842409 -1.749763489 0.038426217 0.681993306 -0.028287876 0.729800224
345.525236 -4.488510132 -0.371851861 -1.917584419 0.035718411 0.763546109 -0.024066962 0.644315362
345.725236 -4.400738716 -0.369223833 -1.949823856 0.030108722 0.794156909 -0.031146893 0.606166661
346.175236 -4.217701912 -0.393735200 -1.981000423 0.034486350 0.826358795 -0.025446840 0.561510742
346.725236 -4.024644852 -0.395496517 -2.089089394 -0.003121156 0.815186679 -0.026716603 0.578573406
346.975236 -3.911171675 -0.400567949 -2.167754173 -0.008056392 0.809531689 -0.020243244 0.586671770
347.575236 -3.660929680 -0.400379956 -2.302250385 -0.008987446 0.791347086 -0.005984904 0.611271799
348.325235 -3.285667658 -0.420630604 -2.430460691 -0.005885769 0.811685383 0.005832619 0.584036112
348.625235 -3.120289564 -0.409692883 -2.523739338 -0.017810486 0.804938555 0.012985490 0.592948616
348.875235 -2.996339560 -0.420961618 -2.586764097 -0.017280675 0.797695816 0.014734033 0.602632403
349.225235 -2.814904928 -0.413345575 -2.663234711 -0.012128117 0.789098561 0.017442770 0.613899112
349.475235 -2.664544582 -0.426188082 -2.710794687 -0.015161425 0.780422330 0.014734086 0.624895215
349.725235 -2.546407700 -0.435999602 -2.746136189 0.000029366 0.772073328 0.014172692 0.635375500
349.875235 -2.467765808 -0.432151318 -2.756470680 0.000950931 0.754679382 0.020338373 0.655777693
350.325235 -2.254884243 -0.437260866 -2.683921814 -0.001191331 0.662442267 0.004398301 0.749099135
351.425235 -1.835562944 -0.547743440 -2.351581812 -0.015374212 0.364868879 0.045042191 0.929841697
351.775234 -1.692435503 -0.517547905 -2.214594841 -0.021419909 0.298957139 0.041187987 0.953136623
351.925235 -1.627371192 -0.525005877 -2.180874109 -0.025591502 0.276744217 0.032006562 0.960069418
352.425235 -1.414613128 -0.496791482 -2.035695553 -0.025431581 0.281353235 0.036393512 0.958576620
352.625234 -1.311217189 -0.497508913 -1.952487588 -0.024967389 0.294858038 0.032200761 0.954671919
353.225234 -0.988989890 -0.476189286 -1.689187050 -0.024844093 0.272449017 0.023297701 0.961567223
354.375234 -0.540318549 -0.435714513 -1.089905977 -0.013879478 0.205442101 0.013651585 0.978475630
355.125234 -0.154147997 -0.437079519 -0.928426802 -0.005653175 0.272790492 -0.005657560 0.962040246
355.925234 0.122813582 -0.401770651 -0.980080545 -0.007746245 0.512617648 -0.032711115 0.857958674
358.125233 0.332882464 -0.495368838 -1.297033310 -0.032080997 0.971301913 -0.061938781 0.227391988
358.325233 0.395080805 -0.509043932 -1.254960537 -0.030443871 0.991710901 -0.066478804 0.105656080
370.475229 -0.149778560 0.036603384 -0.011039278 0.004954626 0.023809467 -0.001333742 0.999703348
384.425225 0.323957026 -0.329645067 -0.917107880 -0.011277122 0.978912592 0.009792117 0.203732982
384.675225 0.297625691 -0.310142159 -0.870594144 -0.016659807 0.987224519 0.034062516 0.154757842
385.225225 0.203795522 -0.293473572 -0.884356976 -0.013510376 0.996591747 0.058222022 0.056855846
385.675224 0.113226563 -0.300937593 -0.882385552 0.012243683 -0.997734189 -0.054827724 0.037020899
385.875224 0.081259549 -0.303472161 -0.856332421 0.005831798 -0.994648278 -0.053400643 0.088255964
386.225224 0.050736427 -0.334441125 -0.769399762 -0.009131956 -0.979361176 -0.039597880 0.197990879
386.825224 -0.010820925 -0.357881516 -0.562523127 -0.032140039 -0.929005921 -0.024374167 0.367859900
387.525224 0.088822007 -0.311853051 -0.426883757 -0.037676364 -0.860633910 -0.046758119 0.505671263
388.025224 0.066796154 -0.296650171 -0.381053716 -0.054762136 -0.816938818 -0.064422473 0.570492744
388.525224 0.058725417 -0.313449532 -0.326334924 -0.054673672 -0.760033667 -0.057033494 0.645063400
388.875223 0.130998999 -0.328006417 -0.295046121 -0.065564841 -0.676115155 -0.040428136 0.732758582
389.125224 0.213534430 -0.341467917 -0.287544429 -0.069889612 -0.608098328 -0.033784285 0.790057302
389.475224 0.313440412 -0.355971545 -0.251289308 -0.064131610 -0.507944942 -0.034022726 0.858324826
389.975224 0.356874138 -0.385504097 -0.188839689 -0.060784046 -0.428199738 -0.038301196 0.900823653
390.975223 0.348463833 -0.429600716 -0.104641236 -0.064069234 -0.276093900 -0.019283479 0.958798945
391.525223 0.450264156 -0.464414418 -0.139785945 -0.074786790 -0.159062862 -0.028510245 0.984018862
392.125223 -0.059593417 -0.342316389 -0.566621065 -0.048116591 0.084359102 -0.052584238 0.993882954
392.675223 0.106530033 -0.377682358 -0.687051952 -0.059736211 0.198144555 -0.049051553 0.977120399
393.175223 0.246992826 -0.399969578 -0.775118113 -0.058654767 0.316635638 -0.037570499 0.945986271
393.675222 0.395939320 -0.373303026 -0.861915886 -0.072726354 0.417549849 -0.023262184 0.905440152
394.125222 0.441046655 -0.349310219 -0.971807897 -0.091494784 0.519395530 0.001405687 0.849620521
394.525222 0.357892394 -0.311725318 -1.081020474 -0.095382601 0.608031809 0.026627574 0.787712157
395.075222 0.209888816 -0.338874400 -1.128543019 -0.136936143 0.704852045 0.066379599 0.692838967
395.675222 0.425076008 -0.180730790 -0.925747931 -0.145248398 0.823838830 0.094071731 0.539762020
396.325222 0.338075638 -0.212543577 -1.091697216 -0.122887477 0.893008232 0.116757847 0.416896462
397.025222 0.212410688 -0.247605950 -1.033955336 -0.076770164 0.965026736 0.101059236 0.229383454
397.325222 0.145604491 -0.282254308 -0.971559942 -0.062001754 0.983357430 0.087259635 0.146798372
398.975222 0.371980131 -0.305314660 -0.984205961 -0.065316312 0.901971698 0.048141196 0.424102932
399.075221 0.422090232 -0.306634545 -0.960791349 -0.070706286 0.882022262 0.044481453 0.463744372
399.425221 0.581786275 -0.305245668 -0.881986678 -0.095828399 0.790639400 0.032384254 0.603868902
399.925221 0.666431546 -0.280428886 -0.740197182 -0.109105133 0.655155659 0.021056935 0.747277558
400.475221 0.733461857 -0.294502914 -0.470962435 -0.103167236 0.522651970 0.019199094 0.846063137
400.825221 0.736135483 -0.249834806 -0.276717842 -0.115473002 0.412090689 0.002928706 0.903791308
401.075220 0.689611971 -0.195659786 -0.066935100 -0.116856910 0.326503903 -0.021576989 0.937696159
401.375220 0.676797509 -0.164122626 0.204371244 -0.098525040 0.233639956 -0.023300886 0.967037916
402.075220 0.644011080 -0.171300501 0.552667439 -0.082825579 0.125872612 -0.024857502 0.988270283
402.675220 0.533857644 -0.129381254 0.833216429 -0.099406086 0.041108653 -0.018190322 0.994031012
403.025220 0.432743043 -0.147975445 1.005232096 -0.092834607 -0.057097115 -0.028346129 0.993638873
403.325220 0.316531867 -0.134864137 1.159680843 -0.095131285 -0.170009658 -0.034522131 0.980232120
403.625220 0.189693809 -0.138539791 1.318659306 -0.095270947 -0.293620735 -0.056628935 0.949475408
404.075220 0.019909978 -0.115661532 1.452891946 -0.085331924 -0.434930593 -0.058178119 0.894521773
404.925219 -0.189652681 -0.131109387 2.053142786 -0.086716793 -0.667763889 -0.055218142 0.737239838
405.425219 -0.401448488 -0.115235507 2.110177994 -0.055961236 -0.774480820 -0.062478572 0.627012134
406.125219 -0.686691284 -0.075320467 2.038164139 -0.071061686 -0.842179775 -0.049754750 0.532172859
406.775219 -0.909627676 -0.065570056 1.946884155 -0.057313021 -0.916608155 -0.040725194 0.393555850
407.325220 -1.034495354 -0.050262257 1.922124386 -0.049478307 -0.956237972 -0.041837759 0.285325170
408.025219 -1.122089386 -0.031382836 1.797429562 -0.050008848 -0.959439635 -0.047519647 0.273343325
408.525219 -1.206313133 -0.041238844 1.675293684 -0.062780589 -0.944917738 -0.048933916 0.317481607
409.275218 -1.415643692 0.016484499 1.565358520 -0.078875020 -0.939859450 -0.073597811 0.324077696
409.825218 -1.616551399 0.019445077 1.505993247 -0.063183568 -0.949695885 -0.077413991 0.296804190
410.525218 -1.785509825 0.028771460 1.365358710 -0.070430212 -0.950625062 -0.076474160 0.292409450
411.125218 -1.869906902 0.031595886 1.174531221 -0.057046540 -0.974309325 -0.077871971 0.203477442
411.425218 -1.910713196 0.043077037 1.097416520 -0.048917174 -0.987768233 -0.081450872 0.123640031
411.625218 -1.944371462 0.048825003 1.051630735 -0.030248210 -0.992547929 -0.089347236 0.077141091
411.775218 -1.980107546 0.051690094 1.028989553 -0.019216420 -0.993198633 -0.090241946 0.071018592
411.925218 -2.016251326 0.055039108 1.016739488 -0.012531104 -0.992792666 -0.089013636 0.079260945
412.225218 -2.087205648 0.063063949 1.016990304 -0.016679754 -0.987765908 -0.093514122 0.123674482
412.575218 -2.141235590 0.079439871 1.029821038 -0.026300248 -0.977376223 -0.106373757 0.180910796
413.075217 -2.183525085 0.070140898 1.091036558 -0.051115956 -0.939361870 -0.098217987 0.324560732
413.525218 -2.138369083 0.042277277 1.155189157 -0.046110339 -0.902608097 -0.085228458 0.419414550
414.025217 -2.047433376 0.015119135 1.229137778 -0.048416317 -0.869578481 -0.084008634 0.484181553
414.275217 -2.022030830 0.009463370 1.241609454 -0.074844532 -0.823606133 -0.094833672 0.554146051
414.525217 -2.018441677 0.014620841 1.234855413 -0.087625295 -0.781656325 -0.108968459 0.607833207
414.875217 -2.026033640 0.027594447 1.212999344 -0.083370313 -0.725504577 -0.101532139 0.675561786
415.125217 -2.071182489 0.035231531 1.208646178 -0.091596946 -0.658735991 -0.099066973 0.740177512
415.825217 -2.270605326 0.072143555 1.212570667 -0.120597258 -0.531235993 -0.070354849 0.835640371
416.375217 -2.415878296 0.106148213 1.213163972 -0.114966609 -0.468757659 -0.070232838 0.872992694
417.025217 -2.473216295 0.126288861 1.127962828 -0.117004588 -0.542486131 -0.080626704 0.827960193
417.575216 -2.395416021 0.113425404 1.098520994 -0.130876467 -0.661869526 -0.072478965 0.734538615
418.525216 -2.141063929 0.058121741 1.176980257 -0.117785268 -0.754145563 -0.074101642 0.641794384
419.625216 -1.878378868 0.045133412 1.304332495 -0.124109797 -0.851464689 -0.084463365 0.502464533
420.675216 -1.506217718 -0.006833404 1.347155452 -0.094623096 -0.961887121 -0.064265296 0.248373896
420.875215 -1.458266973 -0.019138396 1.334229112 -0.098444641 -0.976592124 -0.058333166 0.182136655
420.975216 -1.426407695 -0.023051053 1.328667641 -0.091132827 -0.983244896 -0.060430702 0.145850927
421.025216 -1.409902096 -0.022832781 1.327767134 -0.087022975 -0.985975802 -0.060336243 0.128989562
421.175216 -1.358427405 -0.018885210 1.322932005 -0.078871146 -0.991433442 -0.062959142 0.082917370
421.325216 -1.302843809 -0.016797796 1.320257187 -0.076446928 -0.993645608 -0.068023659 0.046873193
421.425216 -1.261192203 -0.014047757 1.320845366 -0.071459033 -0.994791389 -0.068357103 0.024720322
421.575215 -1.197558284 -0.021269891 1.329367042 -0.068360209 -0.995393395 -0.067203559 0.001593228
421.625216 -1.173937440 -0.021106271 1.331606388 0.067595787 0.995453119 0.066710167 0.007329796
421.725215 -1.123898864 -0.025732849 1.338602304 0.065386705 0.995171666 0.066003218 0.031647861
421.775215 -1.095770597 -0.025487848 1.340582967 0.061854918 0.994862974 0.065332338 0.046404000
421.875215 -1.042515278 -0.028144374 1.343170285 0.060165495 0.993059516 0.064003788 0.078207918
421.975216 -0.985648870 -0.031030163 1.350039601 0.054096580 0.990035117 0.063171938 0.113636956
422.075215 -0.928593874 -0.033547208 1.356873870 0.047057051 0.985607088 0.060662568 0.150613368
422.125215 -0.900070906 -0.034863919 1.360041380 0.044772677 0.982715607 0.059195466 0.169591904
422.225215 -0.844347239 -0.035682075 1.369849086 0.039562054 0.975991011 0.056731146 0.206538141
422.325215 -0.783949792 -0.033526376 1.379777670 0.033169035 0.968285918 0.054700848 0.241515994
422.475216 -0.705211937 -0.032235906 1.408004999 0.024090691 0.954447269 0.051905252 0.292841136
422.725215 -0.580758929 -0.026160456 1.445231318 0.013283368 0.925102055 0.048074115 0.376428813
423.025215 -0.467704296 -0.019001856 1.485844135 -0.010068648 0.875215828 0.052682392 0.480749875
423.425215 -0.320897818 -0.010020666 1.564302683 -0.037965488 0.793795586 0.058028713 0.604218483
423.975215 -0.175505996 0.006937325 1.638486385 -0.074434765 0.703157544 0.040161442 0.705985844
424.425215 -0.118375778 0.051397383 1.736610651 -0.087558486 0.620972335 0.047078937 0.777502716
424.875215 -0.151889801 0.071447507 1.843558550 -0.119687207 0.531156003 0.047821879 0.837413490
425.525215 -0.286307096 0.110071406 1.898001790 -0.136814028 0.475282878 0.012339602 0.869043052
425.975215 -0.428781390 0.181304455 1.877732396 -0.182156444 0.460777491 0.019811139 0.868395507
426.325214 -0.505210578 0.234002441 1.877208233 -0.216478854 0.444523275 0.023503846 0.868897915
427.475214 -0.364104509 -0.002505556 1.944443703 -0.112469710 0.475017577 -0.016786065 0.872597933
427.975214 -0.313941777 -0.179513007 1.975548148 -0.068282984 0.493984848 -0.028589100 0.866313517
428.525214 -0.304239392 -0.385581732 1.985435724 -0.043214332 0.512231112 -0.049721640 0.856317461
429.625214 -0.163756967 -0.561775267 1.953017235 -0.083809063 0.565211236 -0.050037842 0.819151163
430.075213 -0.017703891 -0.558815837 1.814844370 -0.077682123 0.612711310 -0.042518582 0.785329580
430.425214 0.080301642 -0.544779897 1.698297143 -0.076349877 0.662582755 -0.032969214 0.744357347
430.875213 0.199001789 -0.543847382 1.572718740 -0.068495452 0.737142503 -0.019114945 0.671985030
431.775213 0.368873715 -0.534400761 1.465926290 -0.046022873 0.810450971 -0.015548480 0.583788812
432.375213 0.491728783 -0.410978168 1.328442097 -0.060944661 0.776048362 0.002803231 0.627715588
432.675213 0.517324805 -0.316701949 1.226014495 -0.057489522 0.769884706 0.015717683 0.635393918
433.025213 0.539521337 -0.202527419 1.128575206 -0.065573335 0.768343449 0.057233088 0.634092152
433.375212 0.538877726 -0.102223262 1.058792591 -0.064665869 0.767997622 0.088271923 0.631035686
434.025213 0.518036306 0.036686122 0.992631078 -0.046496693 0.749154389 0.104674645 0.652417779
435.175212 0.609995961 0.014050446 0.845703185 -0.042215779 0.778022945 0.079011559 0.621816039
435.575212 0.717194080 -0.042052016 0.790700793 -0.039817579 0.705805242 0.052198000 0.705357373
435.825212 0.782778203 -0.073311448 0.815759957 -0.072302528 0.628531396 0.031286545 0.773784101
435.975212 0.798467934 -0.075151920 0.850217819 -0.100939877 0.582116604 0.034587786 0.806073844
436.125212 0.790874660 -0.054304540 0.894404411 -0.122807778 0.538180172 0.033337895 0.833168030
436.375212 0.754250884 0.002488092 0.954476237 -0.140993044 0.475503683 0.034782484 0.867644727
436.775212 0.691804290 0.120607167 1.010179043 -0.203379601 0.433780581 0.048414033 0.876428664
437.275211 0.662408590 0.161449477 0.879564166 -0.197033644 0.529360294 0.101302236 0.818958640
437.575211 0.640504241 0.153345093 0.774221241 -0.188676909 0.600229442 0.115574583 0.768614471
437.925211 0.598664224 0.128616422 0.661547422 -0.182378531 0.661650360 0.108248942 0.719193399
438.375211 0.535587549 0.095995426 0.528666973 -0.166104823 0.734416783 0.110308178 0.648747444
438.825211 0.456605017 0.051353484 0.408965617 -0.135142803 0.815957248 0.110272273 0.551171720
439.275211 0.377420306 -0.041600257 0.245675743 -0.100512899 0.878694236 0.109832942 0.453575045
439.825211 0.310951084 -0.129503638 0.054376349 -0.053684518 0.938042164 0.088959336 0.330577105
440.725211 0.197053373 -0.193639055 -0.417201936 -0.034983870 0.933963299 0.079662099 0.346615940
442.325210 0.471542478 -0.290921122 -1.146745324 -0.042855874 0.886121929 0.059733238 0.457584172
443.875210 1.047837734 -0.402121812 -1.640851259 -0.063112214 0.820806444 0.045006815 0.565922379
444.375210 1.244976878 -0.514201522 -1.803221941 -0.073525280 0.745361686 0.026303401 0.662071109
445.125210 1.542947769 -0.686514318 -2.029020786 -0.091155231 0.679595351 -0.002259729 0.727898240
445.725209 1.746669531 -0.790507078 -2.137702942 -0.065423235 0.665422082 0.004253629 0.743582666
446.475210 1.968136311 -0.776880741 -2.054166555 -0.086196728 0.528942525 -0.004778628 0.844255328
446.625209 1.981554985 -0.768006504 -2.017494440 -0.076180227 0.494839489 -0.005486549 0.865621448
447.075209 1.971645951 -0.759293139 -1.906791925 -0.069088697 0.433798313 -0.006426831 0.898334265
447.775209 1.822127938 -0.762393713 -1.753049254 -0.064409234 0.428831637 -0.031256631 0.900543153
448.275209 1.662057638 -0.708562315 -1.639945269 -0.065712489 0.392146319 -0.040552147 0.916656256
448.525209 1.597136021 -0.649284482 -1.572679281 -0.076049216 0.355084985 -0.030462751 0.931237459
449.075208 1.493089437 -0.508771956 -1.498502493 -0.079124250 0.314269960 -0.011355323 0.945962369
449.575208 1.402633548 -0.398948848 -1.468159437 -0.074875228 0.288518339 -0.007419756 0.954513371
450.175208 1.337351799 -0.252121180 -1.428204298 -0.110589020 0.276874185 -0.000986910 0.954520702
451.125208 1.177008390 -0.172734410 -1.220739245 -0.124620765 0.328877240 0.011637761 0.936041653
451.625208 0.885341883 -0.203629792 -1.204764128 -0.116970003 0.473005146 0.050644305 0.871790886
454.375207 0.320571065 -0.295163244 -1.035819054 -0.042476617 0.981511891 0.007442444 0.186479762
454.425208 0.323565841 -0.299441665 -1.020131946 -0.041657999 0.984659910 0.004996659 0.169365063
454.675207 0.300105065 -0.325592041 -0.949322462 -0.025731683 0.996040761 0.008766524 0.084639415
455.175207 0.288641393 -0.326528132 -0.778599322 0.016448455 -0.998368084 -0.012134816 0.053323321
455.525207 0.255524874 -0.332579881 -0.649931788 0.023594784 -0.990720987 -0.008604106 0.133571148
456.125207 0.237252235 -0.369163901 -0.445045829 0.021482516 -0.970607877 -0.023798034 0.238521457
456.975207 0.203394473 -0.368884653 -0.301598668 -0.002592277 -0.939557672 -0.063309550 0.336476773
458.625206 -0.131826758 -0.390281469 -0.640588999 -0.028007515 -0.807293415 -0.038969986 0.588195860
458.775206 -0.194602013 -0.392703652 -0.669334531 -0.027325558 -0.790021062 -0.033796690 0.611537278
459.525206 -0.620465696 -0.417897135 -0.893461704 -0.023758287 -0.791665852 -0.023916317 0.610023558
460.325206 -1.004891872 -0.431971610 -1.166292787 -0.029603163 -0.749797165 -0.009122538 0.660942256
460.775206 -1.230847359 -0.425478935 -1.351179600 -0.024088221 -0.735804617 -0.004933280 0.676747441
461.375205 -1.261751652 -0.450701863 -1.553918362 -0.010030036 -0.639985621 -0.012828142 0.768214285
461.925205 -1.072901487 -0.472016156 -1.763011694 -0.037927136 -0.515065491 -0.038045742 0.855465710
462.925205 -0.906487942 -0.478137374 -2.027572870 -0.040088315 -0.366442531 0.009463469 0.929528475
463.875205 -0.600098491 -0.523347139 -2.439796925 -0.024248717 -0.265617788 0.007486104 0.963744342
464.625205 -0.377205014 -0.506228626 -2.659936905 -0.048992123 -0.185894191 -0.011993613 0.981274366
465.025205 -0.371402621 -0.518287539 -2.814632654 -0.043470316 -0.080256209 0.003176397 0.995820880
465.425204 -0.365155905 -0.512283266 -2.933827877 -0.040405937 0.000282525 -0.012180916 0.999109089
465.625205 -0.361765176 -0.495655864 -2.974343538 -0.047917638 0.025669463 -0.019113718 0.998338461
465.775204 -0.364148885 -0.488582939 -2.996443272 -0.054907225 0.035586756 -0.021682089 0.997621536
465.925204 -0.362606198 -0.470260024 -3.009721756 -0.062943026 0.043424681 -0.023583859 0.996792972
466.175204 -0.370395571 -0.416077554 -3.016882181 -0.084690459 0.026402116 -0.028502017 0.995649576
466.525204 -0.388142586 -0.343697995 -3.020385265 -0.090987951 -0.001157498 -0.003707767 0.995844424
467.125204 -0.379849285 -0.238096163 -3.051005125 -0.079371974 0.008002338 -0.019132381 0.996629357
467.375204 -0.337541699 -0.243544057 -3.069343805 -0.078052387 0.058476336 -0.013910342 0.995135605
467.475205 -0.316674620 -0.253439754 -3.083945274 -0.074419193 0.093526416 -0.014599477 0.992724299
467.575204 -0.293979824 -0.262816697 -3.093823195 -0.070773721 0.125133276 -0.016288495 0.989478409
467.725204 -0.266689152 -0.279834509 -3.113566160 -0.065552488 0.164999425 -0.019779177 0.983914077
467.825204 -0.249497265 -0.289062053 -3.129641056 -0.061581578 0.191883698 -0.018863779 0.979302108
467.925204 -0.231907472 -0.294227570 -3.145175457 -0.058160316 0.214421883 -0.020841641 0.974785209
468.025204 -0.217451751 -0.298465520 -3.161396742 -0.055473700 0.230871797 -0.023054456 0.971127927
468.325204 -0.184110522 -0.307585508 -3.210722685 -0.057981838 0.265317857 -0.029117798 0.961975396
469.125204 -0.196124583 -0.339840084 -3.133107424 -0.061246108 0.255702406 -0.007525344 0.964784205
469.375203 -0.200692445 -0.381476372 -3.067115307 -0.063377298 0.241353184 0.003313550 0.968359947
469.525204 -0.199570030 -0.409810573 -3.024854422 -0.063738540 0.226749510 0.008096108 0.971831560
469.725203 -0.194701284 -0.450190514 -2.964544535 -0.073345013 0.204525068 0.016604157 0.975968421
469.875203 -0.193027854 -0.478743941 -2.914718628 -0.076436490 0.183073819 0.020107001 0.979916930
469.975204 -0.190378517 -0.497027516 -2.880149841 -0.076946199 0.170862585 0.019539544 0.982091367
470.025204 -0.193980321 -0.511337340 -2.858747005 -0.076559886 0.162977323 0.016565913 0.983515441
470.125203 -0.193591639 -0.533281505 -2.820525169 -0.070384026 0.152770177 0.006217732 0.985732615
470.325204 -0.206221357 -0.546433032 -2.751596928 -0.043441273 0.126248568 -0.001934362 0.991045117
470.625203 -0.267058730 -0.579866171 -2.654664516 -0.018159658 0.053211473 0.009836008 0.998369694
470.775203 -0.304556817 -0.593212843 -2.616890907 -0.019971352 0.012581690 0.013271696 0.999633312
470.875203 -0.321646631 -0.592088223 -2.602635860 -0.027114239 -0.019204745 0.011936391 0.999376535
472.175203 -0.620996594 -0.441294074 -2.568074942 -0.079931334 -0.363908738 -0.000693916 0.927998364
472.625203 -0.745495915 -0.348111451 -2.593038559 -0.115099341 -0.443703920 -0.009204937 0.888703704
473.125203 -0.867973566 -0.242795765 -2.541368723 -0.104862109 -0.536030889 -0.035152562 0.836922348
473.975203 -0.862834573 -0.194101080 -2.361208200 -0.102146290 -0.600227833 -0.054423820 0.791410625
474.675202 -0.795303106 -0.196476698 -2.143941641 -0.084517635 -0.566034257 -0.036565367 0.819222093
475.475203 -0.821293950 -0.262900710 -1.917600989 -0.043895110 -0.498876184 -0.007445965 0.865529001
476.575202 -1.166725874 -0.510174394 -1.490151525 -0.052311502 -0.495145380 -0.011583885 0.867156506
477.225202 -1.298935533 -0.644547701 -1.309877634 -0.021297222 -0.515231133 -0.061907031 0.854547143
478.175201 -1.415661335 -0.603456378 -1.422185183 -0.050489664 -0.664551079 -0.017968036 0.745318592
478.575201 -1.424542427 -0.657305479 -1.461286783 -0.047662325 -0.731559098 0.032527179 0.679331720
480.125201 -1.168654680 -0.493801773 -1.330829382 -0.087546036 -0.526714742 -0.058690369 0.843482494
480.425201 -1.114564300 -0.407269895 -1.329852104 -0.119331077 -0.479506940 -0.073906183 0.866239667
480.875200 -1.025469542 -0.325678855 -1.390684724 -0.158099338 -0.372892976 -0.061666708 0.912224054
481.325200 -0.915531516 -0.325874746 -1.551333427 -0.170425177 -0.244599834 -0.041663155 0.953619659
482.775200 -0.978732228 -0.328263104 -1.922822833 -0.139767945 -0.549752176 -0.045603547 0.822288156
483.125200 -1.021663785 -0.337767929 -2.083053589 -0.123249948 -0.646549165 -0.049001437 0.751253963
483.325200 -1.022787571 -0.337801605 -2.187854528 -0.119990349 -0.693963468 -0.050417934 0.708149016
483.425200 -1.017780542 -0.337831557 -2.230066776 -0.125734106 -0.708950520 -0.049573202 0.692186832
483.475201 -1.015119791 -0.337275982 -2.249907017 -0.126661018 -0.717953801 -0.051020470 0.682565928
483.575200 -1.011823893 -0.336859167 -2.280026436 -0.126686215 -0.737000406 -0.053184658 0.661779702
483.775200 -1.020865917 -0.342596859 -2.309726000 -0.120368212 -0.759884596 -0.052360754 0.636667311
483.925200 -1.044141769 -0.344228655 -2.307896852 -0.117991075 -0.772736132 -0.046736039 0.621910572
484.025200 -1.066422224 -0.342107296 -2.299582481 -0.116031051 -0.778622508 -0.043613560 0.615127325
484.175200 -1.109854460 -0.342278987 -2.271155119 -0.110028759 -0.787117183 -0.040332358 0.605568767
484.275200 -1.145535946 -0.344482809 -2.242210388 -0.103845894 -0.797918141 -0.042036947 0.592263103
484.375200 -1.184009314 -0.349968553 -2.215261459 -0.091613419 -0.811142802 -0.041271973 0.576151967
484.425200 -1.203783989 -0.351628512 -2.205297947 -0.081274189 -0.819316506 -0.045115180 0.565755725
484.525200 -1.244893312 -0.354733288 -2.185989857 -0.077520095 -0.831876755 -0.049704228 0.547267020
484.625200 -1.278636932 -0.357798576 -2.173199654 -0.069289818 -0.846475482 -0.055514645 0.524972677
484.775200 -1.331054211 -0.362060308 -2.163773060 -0.073615864 -0.861076593 -0.048334606 0.500790954
484.875199 -1.366449237 -0.364610612 -2.161301613 -0.081938818 -0.868386984 -0.040511612 0.487389952
485.025200 -1.420539498 -0.363862514 -2.164576054 -0.081252337 -0.878257871 -0.032904554 0.470083416
485.125200 -1.457758784 -0.365041256 -2.168404341 -0.083959036 -0.883022070 -0.032760676 0.460597128
485.375199 -1.543011904 -0.374084443 -2.177655220 -0.094695471 -0.893969059 -0.031599622 0.436867982
485.725199 -1.661461711 -0.385508358 -2.189825535 -0.068727829 -0.926937163 -0.029455872 0.367690533
485.975200 -1.742801189 -0.428331494 -2.230906963 -0.039270114 -0.958714962 -0.014544211 0.281268537
486.075199 -1.768713593 -0.451241136 -2.241353989 -0.031722527 -0.968786001 -0.003462194 0.245836213
486.225199 -1.812696457 -0.498607725 -2.261633635 -0.029873695 -0.980687618 0.019331925 0.192316622
486.325199 -1.837132692 -0.526385188 -2.276063442 -0.028108660 -0.985140800 0.037540093 0.165221900
486.475200 -1.869292974 -0.565312803 -2.297081470 -0.028673192 -0.990426123 0.056084331 0.122835606
486.525199 -1.881902456 -0.575107753 -2.307029247 -0.031929079 -0.991367280 0.061044395 0.111557290
486.625199 -1.905440569 -0.592981577 -2.329321623 -0.031391848 -0.992788494 0.073446229 0.089393802
486.725199 -1.929797649 -0.609114468 -2.353933573 -0.032483395 -0.993761241 0.084095709 0.065660678
486.775199 -1.942159891 -0.616165638 -2.365705729 -0.028771995 -0.994064271 0.089601390 0.054589797
486.825199 -1.954258561 -0.622553229 -2.379614830 -0.024101330 -0.994138300 0.094127573 0.047415033
487.025199 -1.995266318 -0.628654659 -2.437605858 -0.015573787 -0.995937288 0.087775968 0.012719481
487.225199 -2.062371969 -0.594549775 -2.485455751 0.019643441 0.997263730 -0.067996450 0.021346143
487.475199 -2.133166075 -0.532355607 -2.525802851 0.023959041 0.996074975 -0.032525402 0.078757942
487.775199 -2.180918694 -0.421927035 -2.557209015 0.004642915 0.995102704 0.037509784 0.091335498
488.275199 -2.184250832 -0.283979654 -2.537280560 -0.009103466 0.992256701 0.071442120 0.101192005
488.875198 -2.162547827 -0.179046452 -2.388290167 -0.024533767 -0.993053675 -0.102216154 0.052862123
489.475199 -2.145715714 -0.193415940 -2.207956076 -0.046907026 -0.972403049 -0.077156104 0.215125561
489.675199 -2.149779558 -0.194918841 -2.162262678 -0.051392727 -0.954439044 -0.072662689 0.284824640
489.825198 -2.164904118 -0.190925866 -2.139023781 -0.055682950 -0.933769882 -0.070575729 0.346399069
489.875198 -2.170565128 -0.190686762 -2.133726358 -0.057954632 -0.927886069 -0.066388838 0.362300068
489.975199 -2.181777954 -0.192399591 -2.125837088 -0.055577815 -0.916295826 -0.061443701 0.391838968
490.025198 -2.192591190 -0.192262083 -2.122359991 -0.053451248 -0.910541236 -0.058594823 0.405739307
490.175198 -2.217800617 -0.198547840 -2.111695290 -0.056760907 -0.893204093 -0.051191133 0.443107456
490.275198 -2.239454269 -0.195610702 -2.105975151 -0.056118134 -0.879287541 -0.044999488 0.470828205
490.375198 -2.268435478 -0.194000959 -2.099639893 -0.058082871 -0.865611553 -0.036674324 0.495981991
490.425198 -2.282882690 -0.195564181 -2.098694086 -0.058036137 -0.858601034 -0.033206366 0.508265138
490.575198 -2.341985941 -0.204071403 -2.096306086 -0.059081290 -0.838013530 -0.017972296 0.542143583
490.725198 -2.415244341 -0.213931292 -2.095921755 -0.055852331 -0.816817880 0.001093856 0.574184537
490.975198 -2.555404902 -0.226087362 -2.088446617 -0.056864634 -0.779541552 0.019374451 0.623463035
491.175198 -2.651758671 -0.244100869 -2.071491241 -0.046748500 -0.752054572 0.032998677 0.656612217
491.325199 -2.718159676 -0.251776814 -2.054553509 -0.044218507 -0.737134755 0.036430184 0.673312724
491.725198 -2.876329899 -0.273690313 -1.981271029 -0.023946866 -0.691726685 0.047225721 0.720215619
492.925197 -3.517292023 -0.287082404 -1.614233017 -0.019413000 -0.723536432 -0.009248815 0.689951181
493.775197 -4.144405842 -0.323902845 -1.529572964 -0.004883789 -0.717005134 0.017301124 0.696836054
494.075197 -4.324224472 -0.335575908 -1.438003540 0.003717167 -0.680741668 0.011738348 0.732420146
494.375197 -4.445569038 -0.323276520 -1.364495277 -0.003849180 -0.621963680 -0.000125598 0.783036709
494.525197 -4.486091614 -0.319792420 -1.335529804 0.001568498 -0.575784564 -0.003322823 0.817593217
494.625197 -4.504204750 -0.323970437 -1.320386648 0.002181964 -0.537888169 -0.000938363 0.843012869
494.775197 -4.516526222 -0.353622526 -1.276267290 -0.002445165 -0.483827323 -0.000896336 0.875159621
495.025197 -4.535455227 -0.359730870 -1.263702393 -0.009005615 -0.392503440 -0.004817787 0.919693828
495.075197 -4.534306526 -0.368761003 -1.245271206 -0.009542955 -0.380343735 -0.009178255 0.924750447
495.175197 -4.541009903 -0.384004682 -1.209140301 -0.010501552 -0.355940849 -0.013145188 0.934357047
495.375197 -4.543848038 -0.168520957 -1.432659388 0.026128445 -0.268645108 -0.009070425 0.962842047
495.575197 -4.538340569 -0.209428206 -1.429502964 0.007599166 -0.250312865 -0.012025431 0.968060493
495.775197 -4.770170689 -0.354681134 -1.457335711 -0.019133544 -0.150978148 -0.015532590 0.988229871
496.175197 -4.727573395 -0.423797458 -1.601464033 -0.020377135 0.029453531 -0.005627802 0.999342620
496.275197 -4.719139576 -0.424316704 -1.634366274 -0.023821579 0.078275897 -0.001945124 0.996645212
496.725197 -4.693933010 -0.499401301 -1.830751896 -0.001948527 0.290199965 -0.022075409 0.956709385
497.675196 -4.708911419 -0.622837901 -2.031872988 -0.001511866 0.535355210 -0.073652439 0.841408253
497.925196 -4.758456707 -0.626021147 -2.040585995 -0.014188436 0.628189087 -0.067596853 0.774988949
498.125196 -4.780156612 -0.626997352 -2.070517063 -0.028534885 0.677857876 -0.065302841 0.731730819
498.725196 -4.805369377 -0.592385530 -2.203186512 -0.030199869 0.749110818 -0.058786239 0.659139693
499.075196 -4.833969116 -0.548591375 -2.283559322 -0.041519620 0.777004659 -0.037434686 0.627007604
499.275196 -4.865271568 -0.507906675 -2.315360546 -0.035774555 0.808721244 -0.043238509 0.585508823
499.475197 -4.900793076 -0.483333856 -2.335089207 -0.019548541 0.846921742 -0.043142173 0.529603779
499.775196 -4.938023567 -0.449215472 -2.339949131 0.000204478 0.889550984 -0.047047164 0.454406798
500.375196 -4.861607552 -0.269601405 -2.170743465 0.027289068 0.976361752 -0.064802133 0.204386279
500.925195 -4.927017212 -0.169186085 -2.119370222 0.040814877 0.993179500 -0.051363900 0.096387178
501.425195 -5.005164623 -0.143306583 -2.034222603 -0.065977655 -0.995370865 0.024057789 0.065612584
501.975196 -5.198204041 -0.150146961 -1.906527042 -0.072055243 -0.961154938 0.039488476 0.263495564
502.525195 -5.515335083 -0.114493847 -1.776022911 -0.052800380 -0.932437181 0.045140091 0.354591817
502.975195 -5.326968193 -0.212998778 -1.787189484 -0.038982511 -0.831238627 0.012571909 0.554404914
503.075195 -5.323935986 -0.161173761 -1.778266907 -0.027235799 -0.806970239 0.036315303 0.588845015
503.175195 -5.287023544 -0.222223103 -1.763871670 -0.035585977 -0.781460106 0.020141510 0.622613847
503.275195 -5.265267849 -0.225789934 -1.753314972 -0.032997366 -0.757240951 0.023970686 0.651860952
503.375195 -5.243937492 -0.232734367 -1.744331360 -0.027057488 -0.735195875 0.025887592 0.676819563
503.425195 -5.235012054 -0.232905760 -1.743813276 -0.025267536 -0.724179566 0.029903794 0.688499272
503.525195 -5.214830875 -0.247336835 -1.729580879 -0.015724206 -0.704951704 0.027827581 0.708534718
503.575195 -5.207162380 -0.250950158 -1.726528645 -0.012174818 -0.695621431 0.029035790 0.717718303
503.975195 -5.159914970 -0.314685851 -1.700742722 0.012367990 -0.634121180 0.011322576 0.773051918
504.175195 -5.139765263 -0.342152089 -1.679899454 0.015896346 -0.604052901 0.012801636 0.796682835
504.625195 -5.123187065 -0.405594736 -1.618001461 0.003618887 -0.530349076 0.013446523 0.847665071
504.825195 -5.122263908 -0.420671582 -1.560019135 0.008457586 -0.495102644 0.002115038 0.868790805
505.025195 -5.123556137 -0.435766906 -1.507679701 0.018030597 -0.460751325 -0.000997280 0.887345552
505.175194 -5.109206200 -0.447120190 -1.473850250 0.028208608 -0.434898764 0.003234257 0.900031626
505.375194 -5.045085430 -0.465952545 -1.385040522 0.023842994 -0.395300597 -0.002310793 0.918239474
505.575194 -4.996780872 -0.449555308 -1.391337276 0.001948753 -0.318096846 0.000121817 0.948056221
505.725194 -4.932713985 -0.422976315 -1.376304388 -0.019854961 -0.267268747 -0.005223052 0.963403285
508.875194 -4.896826267 -0.236224532 -2.211208820 -0.131170094 0.590418994 0.114762679 0.788054168
509.325193 -4.991252899 -0.242996931 -2.320190907 -0.110027879 0.702528596 0.126419023 0.691639841
509.425194 -5.013607502 -0.246730328 -2.345008850 -0.103250846 0.721554816 0.126227617 0.672877789
509.675193 -5.064510345 -0.261397481 -2.420520782 -0.086230904 0.764880002 0.128567368 0.625294507
510.025193 -5.157628059 -0.256230950 -2.498896599 -0.064721629 0.816123426 0.132611588 0.558719814
510.425193 -5.288775921 -0.267170131 -2.567873478 -0.050508194 0.872617066 0.135246336 0.466579884
510.925193 -5.487587929 -0.268518150 -2.621213436 -0.015570057 0.932353854 0.135099694 0.334995478
511.475193 -5.646070957 -0.251365751 -2.621957064 0.004882159 0.964393735 0.144257620 0.221609399
512.725193 -5.550010681 -0.051661015 -2.549402237 -0.071946487 0.933032870 0.129156008 0.328012377
514.425192 -5.241622925 -0.355990708 -2.521090269 -0.032411624 0.903636217 0.056951616 0.423258424
514.925192 -5.194128036 -0.575569272 -2.539766550 -0.027608046 0.914032698 0.019639721 0.404223204
515.525192 -5.142104626 -0.748737216 -2.549944401 -0.052844197 0.917452574 0.022327891 0.393687457
516.225192 -5.270248413 -0.733048320 -2.687445641 -0.090659939 0.948484838 0.039518617 0.300990909
516.575192 -5.405238152 -0.719212890 -2.774817228 -0.125576645 0.962315798 0.024325997 0.239973083
517.325192 -5.617026806 -0.709040999 -2.927646637 -0.071231194 0.973254502 0.020390730 0.217453644
518.125191 -5.795037270 -0.550074041 -3.130883217 -0.043075599 0.941016018 -0.006989419 0.335536242
518.475192 -5.824975014 -0.433204144 -3.150512218 -0.045740351 0.926049888 -0.003003781 0.374607027
519.025191 -5.657820702 -0.340804517 -3.037301540 -0.071965463 0.873220980 0.002225982 0.481976330
519.575191 -5.421902180 -0.321117908 -2.822098732 -0.054560162 0.793460488 -0.011107484 0.606069624
519.975191 -5.208849430 -0.295491457 -2.652533531 -0.050401393 0.727654874 0.009035352 0.684029639
520.325191 -5.033430099 -0.288883984 -2.446528435 -0.059604257 0.665449798 0.023210766 0.743696928
520.625191 -4.907698631 -0.289586246 -2.260826111 -0.063217640 0.602377534 0.025603434 0.795291960
521.175191 -4.758175373 -0.327298015 -1.936565518 -0.060711760 0.438094586 0.028233686 0.896431923
521.775190 -4.684268475 -0.306635499 -1.639725566 -0.066666484 0.279259354 0.017823242 0.957732797
522.225190 -4.724633694 -0.239939481 -1.476384163 -0.088157341 0.125226498 0.012558970 0.988123953
523.075190 -4.813845158 -0.443086207 -1.338624001 -0.075452998 -0.000198011 -0.025536429 0.996822298
525.375189 -4.381910801 -0.415270358 -1.863344431 -0.094410636 0.400500327 -0.042040806 0.910449743
525.775189 -4.354789257 -0.355616391 -1.939372540 -0.098300152 0.475658983 -0.001052018 0.874119282
526.175189 -4.420486927 -0.270154089 -2.009305716 -0.067770377 0.606254637 0.073161654 0.788992882
526.575189 -4.468789101 -0.221754014 -2.055463314 -0.081084728 0.731810153 0.107944027 0.668002546
527.525189 -4.279001236 -0.237150311 -2.067900658 -0.053411044 0.786166191 0.090732172 0.608980834
527.825189 -4.172667503 -0.270625979 -2.105804443 -0.024459664 0.812075973 0.077643484 0.577845871
528.225189 -4.069105148 -0.329001814 -2.146164417 0.001901795 0.850352466 0.067573614 0.521853328
529.025189 -3.831542492 -0.364160687 -2.247463465 0.025205398 0.900773227 0.047867920 0.430907220
529.975189 -3.405990601 -0.414110094 -2.546175003 0.004517284 0.839669943 0.033962782 0.542015195
530.225188 -3.279547691 -0.424797118 -2.570339203 0.003484188 0.808145463 0.027377956 0.588336051
530.375188 -3.205984354 -0.441648602 -2.587296247 -0.003379097 0.788807690 0.019478453 0.614322066
530.425188 -3.186915636 -0.443797171 -2.592957497 -0.003753222 0.781082392 0.016800812 0.624190629
530.475189 -3.166906118 -0.448147088 -2.597064257 -0.002202319 0.773732722 0.018560594 0.633236408
530.525188 -3.145764351 -0.451794326 -2.602468491 -0.001101384 0.767747521 0.020705512 0.640416920
530.575188 -3.127013683 -0.450830758 -2.607308149 -0.005189309 0.762751400 0.018031249 0.646419585
530.625188 -3.106416225 -0.452824235 -2.613696098 -0.006306943 0.758219361 0.019582625 0.651674986
530.675188 -3.087745190 -0.453804374 -2.620736122 -0.006788517 0.754283249 0.021221509 0.656171024
531.425188 -2.706799030 -0.451766133 -2.701966047 -0.029926568 0.626225531 0.007426547 0.779032052
532.425188 -2.230619431 -0.529030383 -2.775899887 -0.018036596 0.539557397 0.015626021 0.841610610
533.275187 -1.633194566 -0.556196094 -2.442550898 -0.046614841 0.328412116 0.008321033 0.943346858
533.425187 -1.565362453 -0.540602744 -2.339122772 -0.042159792 0.302860409 0.007601326 0.952071607
533.675187 -1.442864180 -0.538226783 -2.164080620 -0.031948198 0.280756354 0.020614080 0.959025681
533.875187 -1.352565765 -0.538088441 -2.048519850 -0.031805493 0.268067807 0.028917851 0.962440550
534.025187 -1.285032630 -0.531948090 -1.970502496 -0.032294787 0.254020393 0.024599716 0.966346502
534.325187 -1.112329721 -0.504714906 -1.805373669 -0.028001852 0.221388161 0.012621467 0.974701941
534.525188 -0.998268068 -0.507421136 -1.710433841 -0.036639675 0.203561500 0.002100375 0.978374124
535.525187 -0.366459221 -0.521107197 -1.426303983 -0.045897912 0.303331375 0.005388166 0.951763868
538.525187 0.308108151 -0.496582478 -1.404648066 -0.017732322 0.964986145 -0.036928196 0.259082407
538.675186 0.329626501 -0.512898922 -1.298182368 -0.021738391 0.982213259 -0.025016494 0.184820712
538.825186 0.359914124 -0.494775087 -1.247768879 -0.022204313 0.991597354 -0.021832071 0.125558883
539.775186 0.160515964 -0.498923957 -0.856894732 0.018396176 -0.995962679 0.016551673 0.086290374
541.425185 0.068899721 -0.490163684 -0.369795471 -0.017490478 -0.785134375 0.005870214 0.619050682
541.825186 0.145689189 -0.480570853 -0.204954997 -0.026233455 -0.692224205 -0.002735809 0.721200347
542.125186 0.194861025 -0.465513796 -0.100014523 -0.032889672 -0.614652514 -0.006542499 0.788084865
542.425185 0.236778796 -0.441217095 0.020669982 -0.040329695 -0.536936879 -0.009516302 0.842604160
542.975186 0.352350652 -0.411823094 0.193716496 -0.058733754 -0.411573350 -0.009581639 0.909431696
543.525185 0.452160716 -0.393250704 0.279262960 -0.090161942 -0.232172489 -0.012774342 0.968402624
544.125185 0.354189694 -0.332612097 0.228815243 -0.096958227 -0.081839651 0.055343170 0.990372956
544.875184 0.174159661 -0.195396483 0.314370066 -0.088212669 -0.097183831 0.071178131 0.988790929
545.675184 0.062065326 -0.118825413 0.345494568 -0.034165807 -0.154917568 0.047684088 0.986184299
547.625184 0.011844243 -0.099397853 0.289084554 0.044784732 -0.104111470 0.017830025 0.993396819
552.225182 0.020634472 -0.066045873 0.301944286 -0.017906317 -0.080389373 -0.005691724 0.996586442
559.725180 0.248722449 -0.438786745 -0.254716754 -0.047036778 -0.286618024 0.051817402 0.955485523
560.025179 0.155132264 -0.449120551 -0.301914215 -0.053911678 -0.362317890 0.050637316 0.929115236
560.425180 0.065898754 -0.442028672 -0.322038829 -0.059121922 -0.464560837 0.051224791 0.882079303
561.375179 -0.003078312 -0.430124521 -0.415055037 -0.048368294 -0.635935605 0.053311940 0.768377662
563.775179 0.036620080 -0.428965867 -1.000050426 -0.037910167 -0.976759672 0.024304045 0.209553510
564.175178 0.142409384 -0.437978655 -1.031884313 -0.034451988 -0.987906575 0.029038426 0.148359194
564.375178 0.201183140 -0.442347169 -1.041827917 -0.031972442 -0.992918134 0.029061634 0.110665411
565.125178 0.331846893 -0.398964375 -1.040189147 -0.030224936 -0.999202251 -0.007150884 0.025104271
565.725178 0.384557486 -0.292221516 -1.083129764 0.012223517 0.991830468 0.062331703 0.110624127
565.925178 0.424389422 -0.278916121 -1.076679349 -0.005340816 0.980077028 0.071386583 0.185268700
566.275178 0.510193050 -0.297250807 -1.033003330 -0.023330141 0.945819497 0.073248081 0.315461546
569.075177 0.509713829 -0.437735975 -0.673458040 -0.027502285 0.326143831 0.030766819 0.944419026
569.475177 0.342688411 -0.439354658 -0.550184906 -0.043839421 0.173835352 0.029829228 0.983346164
569.925177 0.480356455 -0.480813712 -0.680127561 -0.038114071 -0.079354659 0.039713226 0.995325565
570.225177 0.134880021 -0.522614777 -0.211631224 -0.046670999 -0.215321302 0.013408271 0.975335240
570.525177 0.204669446 -0.471959174 -0.095062174 -0.060659721 -0.344657123 0.014320332 0.936657250
570.625177 0.182402417 -0.460234493 -0.101430878 -0.063748419 -0.369672865 0.013141480 0.926879406
571.225177 0.049969360 -0.456321687 -0.216886222 -0.052898798 -0.468473583 0.016127426 0.881744921
571.675176 -0.057535917 -0.455383122 -0.324262798 -0.062639311 -0.547006428 0.031822365 0.834174812
572.525176 -0.169249594 -0.474112660 -0.457920372 -0.054408215 -0.710303545 0.022666842 0.701423407
575.375176 0.126007259 -0.407957554 -0.924214602 -0.024706809 -0.988008440 -0.037998777 0.147597432
576.775176 0.353506505 -0.389790982 -0.938823938 0.001650557 0.987749219 0.029125050 0.153298974
578.675175 0.641489089 -0.404640526 -0.654512584 -0.023201007 0.659714103 0.020134525 0.750888646
579.075174 0.649813592 -0.414268941 -0.461888731 -0.040171824 0.546071291 0.025179699 0.836396039
579.325175 0.661989689 -0.413638622 -0.358183473 -0.043530010 0.456329018 0.027026473 0.888334751
579.575174 0.638760209 -0.389380187 -0.214630485 -0.049841769 0.368183166 0.032595724 0.927844048
579.975174 0.578043759 -0.347932935 0.041916724 -0.068115957 0.214495346 0.036196314 0.973674417
580.375174 0.560824096 -0.339285851 0.284117460 -0.054443788 0.085945547 0.023460735 0.994534492
580.875174 0.522698343 -0.291116685 0.525122166 -0.063283309 -0.007308826 0.023848785 0.997683883
581.575174 0.482436061 -0.295713753 0.888263226 -0.065087877 -0.049663588 0.029394651 0.996209323
582.275174 0.501694500 -0.209321886 1.221573830 -0.114314869 -0.132270455 0.005935832 0.984581888
582.675174 0.362499952 -0.145419240 1.361726403 -0.130950183 -0.236910090 0.002703713 0.962662101
582.975174 0.176091045 -0.152578145 1.455258369 -0.116832875 -0.321318179 0.001040623 0.939735949
583.375174 -0.063167393 -0.193988129 1.535093546 -0.091600806 -0.433434099 0.007380360 0.896487415
583.875173 -0.237350821 -0.265651762 1.970905423 -0.099483423 -0.651199579 -0.019846808 0.752095938
584.375173 -0.446766973 -0.238718271 1.957935214 -0.098594524 -0.739472866 -0.025425259 0.665441632
585.225173 -0.779446125 -0.220875680 1.878844738 -0.099641219 -0.832323372 -0.014202827 0.545075893
585.925173 -1.010048628 -0.212927371 1.859596372 -0.071896121 -0.912057459 -0.033603940 0.402309418
586.425173 -1.160603285 -0.197919622 1.763836145 -0.073510416 -0.925378442 -0.039177634 0.369778425
587.025172 -1.325643539 -0.175021261 1.648565888 -0.088968165 -0.935691059 -0.047295772 0.338127196
587.375173 -1.464413166 -0.179306507 1.574776649 -0.080124870 -0.954902291 -0.035376299 0.283707857
587.625172 -1.547977448 -0.189127862 1.537379861 -0.065809995 -0.966995120 -0.038454313 0.243127078
588.375172 -1.748647928 -0.155441403 1.515596151 -0.092405386 -0.953483999 -0.044792272 0.283413470
589.175172 -1.903634548 -0.100144565 1.305572152 -0.096321732 -0.940741658 -0.076914802 0.315929353
589.825172 -2.019829750 -0.056831956 1.292254806 -0.102680162 -0.927130401 -0.079060383 0.351618320
590.175172 -2.108878136 -0.045628846 1.339200974 -0.103579134 -0.906390607 -0.076154537 0.402402699
590.575172 -2.202323198 -0.031018615 1.362905145 -0.107464276 -0.894898653 -0.079312675 0.425813705
590.925172 -2.262292147 -0.015846252 1.375351548 -0.122459531 -0.878706157 -0.079089560 0.454559147
591.225172 -2.320128441 -0.009401083 1.382313251 -0.125232711 -0.841230214 -0.079432540 0.519941211
591.425171 -2.359891891 -0.008000314 1.382819176 -0.125924766 -0.811032116 -0.072105035 0.566719353
591.525171 -2.379379034 -0.007634699 1.381733656 -0.126664340 -0.789509475 -0.067384653 0.596732974
591.675171 -2.403220177 -0.013418913 1.383356571 -0.132305413 -0.754343569 -0.056243312 0.640544891
591.925171 -2.426153660 -0.026419967 1.373753309 -0.124680497 -0.703321993 -0.052853003 0.697853506
592.825171 -2.371160507 -0.078830391 1.350650072 -0.113839991 -0.681732893 -0.033012960 0.721935451
594.325171 -2.045607567 -0.196227133 1.472606897 -0.131642133 -0.863241732 -0.046827961 0.485068291
595.225171 -1.836928129 -0.374458224 1.525932670 -0.067174837 -0.879922807 -0.019414216 0.469943017
595.975170 -1.684751511 -0.542505980 1.605162859 -0.005076201 -0.864256322 -0.007949410 0.502963245
598.275170 -1.141841650 -0.352313936 1.669801235 -0.084378392 -0.933397532 -0.067123212 0.342262924
598.525170 -1.080558300 -0.334288955 1.624584436 -0.082048424 -0.952584147 -0.082210042 0.281234860
598.725170 -1.047550440 -0.328644663 1.603217602 -0.074594900 -0.965202093 -0.084576190 0.235939384
598.925169 -1.019213796 -0.328432232 1.572318077 -0.064504430 -0.979439676 -0.081050240 0.173112795
599.025170 -1.002497196 -0.326610029 1.555704832 -0.057309192 -0.985548794 -0.083672650 0.135676473
599.075170 -0.990833759 -0.324890494 1.547524214 -0.053318407 -0.988160193 -0.085648574 0.115589544
599.175170 -0.964003563 -0.320157349 1.535377145 -0.041810714 -0.992576122 -0.089708850 0.070688590
599.275170 -0.931402206 -0.311049491 1.520996451 -0.026542818 -0.994904399 -0.094547555 0.022836933
599.425169 -0.879859328 -0.300719231 1.505032897 0.010043018 0.994076431 0.099333122 0.042944018
599.575169 -0.825720370 -0.296272069 1.500846148 0.002016265 0.990508020 0.096788667 0.097579330
599.625169 -0.807638347 -0.295253634 1.498055100 0.000306479 0.988776684 0.095473513 0.114915103
599.725170 -0.766603947 -0.292324781 1.495897770 -0.005864652 0.984588385 0.092388719 0.148376942
599.925169 -0.675695598 -0.281001478 1.491317391 -0.014729537 0.971218348 0.091248281 0.219526097
600.125169 -0.579817951 -0.268826306 1.497843981 -0.023867052 0.953117192 0.091852769 0.287334412
600.375169 -0.477194309 -0.271213472 1.512919545 -0.028468279 0.927766323 0.093416318 0.360156357
600.725169 -0.382118464 -0.388645053 1.599779606 -0.064060293 0.877291262 0.094936982 0.466093630
601.175169 -0.266602874 -0.380912811 1.641937494 -0.101592280 0.763159156 0.091338694 0.631604552
601.625169 -0.256942749 -0.362738073 1.682159901 -0.133273616 0.631763577 0.070845813 0.760324776
602.175169 -0.381191373 -0.324542224 1.791824579 -0.143138751 0.519105911 0.060466181 0.840466619
602.575169 -0.550403953 -0.292558968 1.864156246 -0.149522841 0.418553680 0.073886350 0.892746627
602.925169 -0.672224045 -0.295954704 1.899764061 -0.155933633 0.307806194 0.054119371 0.937022507
604.275168 -0.822064281 -0.424539685 1.466165304 -0.153264537 0.383225709 -0.043241758 0.909823179
605.375168 -0.544975519 -0.288113981 1.389184594 -0.146801293 0.613799810 0.053570364 0.773840666
605.925168 -0.499853730 -0.131610006 1.343487740 -0.135827214 0.685349464 0.098809756 0.708578765
607.325167 -0.343909979 -0.310903192 1.343045831 -0.111683547 0.760690331 0.077994376 0.634660423
607.825167 -0.212219715 -0.470034152 1.352141380 -0.073924430 0.728805065 0.017592426 0.680491626
608.125167 -0.127783179 -0.619918227 1.342133164 -0.034503471 0.688159943 -0.007973243 0.724694371
608.625167 0.018842459 -0.732087493 1.341078401 -0.012431120 0.674720109 -0.032476112 0.737254083
609.125167 0.165712357 -0.757911742 1.449762702 0.005348574 0.643112898 -0.034602564 0.764970541
609.475167 0.259877205 -0.776038229 1.611655951 0.000633590 0.587427676 -0.008460142 0.809232175
609.725167 0.287453294 -0.774402440 1.717863083 -0.021607503 0.528671920 -0.008943697 0.848504126
610.175167 0.290156782 -0.751315057 1.788208127 -0.030498350 0.394424349 -0.015035853 0.918299079
610.725167 0.301741421 -0.650269866 1.730025768 -0.074020118 0.314050555 -0.035127182 0.945864320
611.575166 0.301715791 -0.488495976 1.605395317 -0.086143419 0.289254248 -0.005510565 0.953352511
612.125166 0.344466597 -0.426299274 1.445503712 -0.105909400 0.387065202 0.032043017 0.915389001
612.575166 0.344210833 -0.435060859 1.278749466 -0.105438210 0.490995884 0.030672699 0.864213526
612.975166 0.434351385 -0.437031567 0.941529155 -0.090826310 0.513109803 0.033047676 0.852863848
613.275166 0.414349705 -0.439620167 0.820376754 -0.088940084 0.586688042 0.042197295 0.803807378
613.425166 0.397714436 -0.440781713 0.770139754 -0.088636525 0.621013939 0.046394378 0.777388453
613.725166 0.362046272 -0.438768953 0.689100862 -0.084176302 0.677521586 0.054593753 0.728627741
614.025166 0.337208569 -0.425558358 0.626366973 -0.087791093 0.717169642 0.060409643 0.688702464
614.475166 0.313261688 -0.400764644 0.537373304 -0.078423291 0.761800528 0.081151091 0.637906134
615.025166 0.295139700 -0.365360737 0.436082423 -0.079110503 0.821408629 0.107481487 0.554506183
615.775166 0.314608008 -0.407791734 0.296974659 -0.038853329 0.886951149 0.094760954 0.450364798
616.775165 0.369748354 -0.413487524 -0.100992829 -0.042815156 0.870942950 0.097278543 0.479752183
617.475165 0.358574748 -0.417791724 -0.436297148 -0.025469517 0.902247012 0.087206140 0.421541005
618.825165 0.441042542 -0.426731288 -1.111626983 -0.030469837 0.820154727 0.089313745 0.564305544
619.775165 0.744560003 -0.440091670 -1.494145632 -0.050775308 0.719891131 0.079110615 0.687691987
620.675164 1.097955465 -0.518996596 -1.553611875 -0.063260250 0.625455976 0.035681490 0.776871800
621.175164 1.290753603 -0.552971661 -1.570362329 -0.051448248 0.534804821 0.019619087 0.843179643
621.625164 1.507787466 -0.544752777 -1.535820723 -0.036509663 0.381827712 -0.009300064 0.923465312
622.275164 1.598078847 -0.496814072 -1.367419839 -0.052089062 0.222723499 -0.001533694 0.973487854
622.925163 1.557775021 -0.409047335 -1.239297628 -0.064283714 0.077413194 0.017789159 0.994765460
623.675163 1.553767800 -0.312583834 -1.171624064 -0.094166189 -0.109848365 0.027867431 0.989085197
623.875163 1.521459222 -0.281618625 -1.183189154 -0.100623563 -0.139951274 0.024956184 0.984716058
624.175163 1.456208944 -0.245383486 -1.247816324 -0.116441123 -0.182917237 0.017770413 0.976046622
624.525163 1.440940499 -0.212257922 -1.371388197 -0.135853201 -0.213856384 0.006118865 0.967353046
624.925163 1.513934135 -0.176569313 -1.480318427 -0.156539708 -0.204329267 -0.000497449 0.966304660
625.275163 1.627722621 -0.133093685 -1.522804976 -0.172541693 -0.168949857 -0.001642129 0.970403314
625.475163 1.697777033 -0.101534292 -1.537161946 -0.191320494 -0.153794751 -0.013059504 0.969315827
625.775163 1.810253739 -0.080319621 -1.562373757 -0.204041019 -0.099549823 -0.019676007 0.973688841
626.125163 1.913801551 -0.063586548 -1.577567935 -0.212591469 -0.033743471 -0.020604098 0.976341009
626.725163 1.968234301 -0.073008925 -1.687526464 -0.208392099 0.123962216 0.018504241 0.969981313
627.575162 1.727714539 -0.219564527 -1.853811860 -0.155913085 0.278761953 0.034540523 0.946989894
628.075162 1.554695010 -0.296305299 -1.760621548 -0.137839213 0.420834333 -0.002511078 0.896600544
628.475162 1.285183191 -0.326325297 -1.632226944 -0.100684740 0.541840076 0.025006998 0.834054291
628.925162 1.063786387 -0.423057348 -1.400352955 -0.112388059 0.673539877 0.049787197 0.728858113
629.375162 1.018321633 -0.418299109 -1.351458549 -0.084773198 0.789870203 0.038245544 0.606181324
630.125162 1.002250314 -0.467272282 -1.435586929 -0.073468566 0.858139873 0.027834039 0.507369280
630.675162 1.151788950 -0.610056162 -1.500868320 -0.054238919 0.880583644 -0.024958747 0.470114499
631.275162 1.139432311 -0.707973301 -1.530928850 -0.069780685 0.943506837 -0.042824741 0.321078867
632.175162 1.021248102 -0.566741824 -1.343887806 -0.068243064 0.950259268 0.064530797 0.296961427
632.925161 0.749891460 -0.403886855 -1.223870158 -0.124745123 0.932547808 0.120399237 0.316697419
633.375161 0.542114079 -0.380767703 -1.087271929 -0.094238855 0.952720761 0.145726338 0.249411553
633.625161 0.434978604 -0.366056055 -0.998297930 -0.087094635 0.961808622 0.163727626 0.201325417
634.025161 0.297870994 -0.377151251 -0.905493021 -0.070128046 0.975909054 0.167925358 0.120352395
634.525161 0.204822302 -0.392362207 -0.850035906 -0.040721595 0.986877203 0.156249613 0.001090698
635.025160 0.202092201 -0.437622994 -0.949121237 0.035715282 -0.990704417 -0.113409981 0.066086262
635.575160 0.350672781 -0.498787671 -1.033721685 0.037175875 -0.988027990 -0.066538446 0.134131670
637.025160 0.532632947 -0.650059104 -0.866985559 -0.015763318 -0.911772192 -0.020635456 0.409874618
640.875159 -1.087326884 -0.524302065 -1.552580357 -0.029022265 -0.812048376 -0.018207410 0.582583487
641.075159 -1.139697194 -0.521972358 -1.665966749 -0.017936010 -0.846507907 -0.022080977 0.531615674
641.275159 -1.178820968 -0.527595043 -1.759989262 -0.007316454 -0.876734138 -0.024659205 0.480287045
641.425159 -1.191594720 -0.523042202 -1.808012843 -0.007753906 -0.893432915 -0.021566004 0.448611706
641.575159 -1.192245007 -0.522139311 -1.834979415 -0.000911834 -0.912196517 -0.023572607 0.409073323
641.775159 -1.186664939 -0.514783978 -1.866456151 0.008410194 -0.934369981 -0.027470844 0.355144113
641.875159 -1.185321808 -0.513176680 -1.886008024 0.010121802 -0.942979038 -0.030632704 0.331285000
642.075159 -1.175660849 -0.506514788 -1.941424370 0.020702394 -0.958503246 -0.035841595 0.282060921
642.275159 -1.159920454 -0.506586075 -2.008236408 0.015101732 -0.969688833 -0.033481263 0.241567001
642.425159 -1.144230127 -0.511961222 -2.061811924 0.011041868 -0.976538301 -0.025138747 0.213586286
642.575159 -1.129716277 -0.524325848 -2.104529619 0.001750431 -0.981270730 -0.017930221 0.191789761
642.725159 -1.121871829 -0.532411933 -2.139824390 0.007660301 -0.984286487 -0.018913515 0.175395995
642.825159 -1.118803024 -0.536096931 -2.155785561 0.008911358 -0.985028148 -0.018504459 0.171165660
642.925159 -1.115873337 -0.533132255 -2.170428276 0.008972824 -0.985933244 -0.022187125 0.165417090
643.075158 -1.113883495 -0.526673615 -2.190061569 0.013304983 -0.987915754 -0.029120529 0.151649043
643.175158 -1.111200213 -0.521339655 -2.199369669 0.015390632 -0.989929199 -0.031852715 0.137071908
643.275159 -1.111134648 -0.512661874 -2.209681034 0.017057829 -0.992540359 -0.035492480 0.115381964
643.325159 -1.109622478 -0.507936776 -2.210298061 0.018296383 -0.993839264 -0.038031142 0.102481171
643.425158 -1.109904051 -0.499311090 -2.210214853 0.023120647 -0.995930254 -0.043374430 0.075544856
643.475159 -1.112376094 -0.494410396 -2.206882715 0.025097184 -0.996714354 -0.044480808 0.062866129
643.675158 -1.125679612 -0.476137489 -2.173455238 0.038753591 -0.997762263 -0.052679084 0.013911039
644.125158 -1.202178836 -0.471619755 -2.030213356 0.035593450 -0.998005390 -0.052123412 0.001234867
644.325158 -1.227845788 -0.459655344 -1.934694409 0.030171404 -0.998240530 -0.050961372 0.002921138
644.425158 -1.236359477 -0.442247659 -1.884919167 -0.033572026 0.997714221 0.058419984 0.005137891
644.625158 -1.260913730 -0.537070811 -1.845959425 -0.049533330 0.991423249 0.111039698 0.047922641
644.925158 -1.273715734 -0.495507538 -1.847507954 -0.049416475 0.984644353 0.126797453 0.109343484
645.275158 -1.463908434 -0.359034896 -1.940368414 -0.060145572 0.954145670 0.120653182 0.267266452
645.975158 -1.431592941 -0.450218618 -1.961891890 -0.089862898 0.878857017 0.069419786 0.463374555
646.225158 -1.385315895 -0.513130486 -1.926074147 -0.075358301 0.860298216 0.029811420 0.503308415
646.675158 -1.294473171 -0.624232352 -1.882443905 -0.041961364 0.819299400 0.001071355 0.571827412
647.025157 -1.207108855 -0.611248493 -1.814172506 -0.031166853 0.738733053 -0.019971270 0.672980964
647.725158 -1.038969755 -0.716455996 -2.192689419 -0.064498335 0.485693783 -0.006174187 0.871724427
648.375157 -1.097740293 -0.568638623 -2.138621330 -0.081407018 0.404157043 -0.013548031 0.910959065
648.925157 -0.980994523 -0.507208169 -1.975920677 -0.116099723 0.304568768 0.001699427 0.945386648
649.075157 -1.009346604 -0.512366772 -1.934157133 -0.108534530 0.257528722 -0.001898421 0.960153997
649.275157 -1.075229168 -0.517287016 -1.881338477 -0.095642582 0.196749106 0.005655772 0.975761414
649.425157 -1.145733714 -0.533305883 -1.858106136 -0.086729728 0.150319770 0.003664161 0.984819055
649.475157 -1.165221691 -0.540521979 -1.855474710 -0.080279909 0.132706672 0.001766065 0.987897277
649.625157 -1.235207438 -0.569932163 -1.853596807 -0.060839273 0.089096323 -0.002954204 0.994158804
649.725157 -1.286873102 -0.594857156 -1.865639210 -0.053566307 0.062136885 -0.003462764 0.996623158
649.775157 -1.310811877 -0.605585158 -1.872100592 -0.049447600 0.048443817 -0.003873172 0.997593701
649.875157 -1.351425290 -0.628817141 -1.889009118 -0.038986981 0.022528004 -0.006335126 0.998965681
649.975157 -1.391361952 -0.653569162 -1.911593914 -0.028221659 0.001201889 -0.005207616 0.999587417
650.225157 -1.442417264 -0.703193069 -1.995819569 -0.013437956 -0.041292649 -0.002423778 0.999053776
650.825157 -1.437327623 -0.599806726 -2.152733803 -0.040881742 -0.125176132 -0.017509051 0.991137266
651.225157 -1.412261963 -0.489885122 -2.272454977 -0.062632971 -0.235510215 -0.024915406 0.969531476
651.525156 -1.406036139 -0.398451626 -2.360289812 -0.107607052 -0.295799613 -0.024805712 0.948845625
652.125156 -1.371045113 -0.348342717 -2.590250969 -0.130932271 -0.326959789 -0.030666173 0.935421646
652.425156 -1.320998192 -0.304288298 -2.715173006 -0.178160980 -0.327254921 -0.036958799 0.927252352
652.875156 -1.232197046 -0.252860844 -2.796414375 -0.225519538 -0.307794571 -0.041473787 0.923408628
653.375156 -1.108043909 -0.229700625 -2.791270018 -0.252548039 -0.236513391 -0.040708497 0.937349319
653.825156 -1.035220623 -0.243334323 -2.800780535 -0.260085642 -0.125813365 -0.024499452 0.957040370
654.075156 -1.037833810 -0.265868783 -2.837219477 -0.257171720 -0.032312956 0.006800123 0.965801418
654.375156 -1.057532907 -0.296285093 -2.883981228 -0.242956281 0.023391195 0.034197051 0.969152033
655.125155 -1.062180638 -0.412646472 -2.849805355 -0.146529481 0.016977269 0.034786750 0.988448679
655.425155 -1.024734139 -0.513027132 -2.795854092 -0.094873056 0.020799864 0.009384402 0.995227873
655.625155 -0.997520983 -0.587733090 -2.753118753 -0.076814316 0.036723137 0.007379878 0.996341586
655.775155 -0.980310142 -0.635436237 -2.707525730 -0.071865581 0.054944880 0.004804919 0.995888233
655.975155 -0.950774968 -0.672792256 -2.659471273 -0.073017068 0.084897824 -0.005015573 0.993698001
656.175155 -0.918004513 -0.704788923 -2.616313457 -0.080557980 0.115379363 -0.009403220 0.990004838
656.425155 -0.875175655 -0.749793112 -2.588615179 -0.082086071 0.144809902 -0.008335524 0.986013412
656.525155 -0.861302912 -0.766195655 -2.576174736 -0.079762012 0.159507468 -0.005199361 0.983955443
656.725155 -0.823570549 -0.792706728 -2.564483404 -0.077099562 0.187759563 -0.005120324 0.979170978
657.625155 -1.040356517 -0.709237874 -2.422291994 -0.105569333 0.032707062 0.032503307 0.993342280
658.125155 -1.205289125 -0.719120383 -2.455509424 -0.089655921 -0.094496913 0.003491810 0.991473615
658.675155 -1.334652901 -0.733965039 -2.536938190 -0.078169808 -0.199302644 -0.005831595 0.976797819
658.975155 -1.392020941 -0.728725970 -2.597771645 -0.069103815 -0.257414073 -0.013212191 0.963736534
659.525154 -1.423246622 -0.702633381 -2.707742691 -0.045990426 -0.378003389 -0.025011215 0.924322844
660.925154 -1.302091956 -0.438955426 -2.697953701 -0.027112978 -0.425063670 -0.034380719 0.904103816
661.575154 -1.470979214 -0.312608451 -2.627490520 -0.085671358 -0.478127956 -0.031049794 0.873550236
661.825154 -1.565166116 -0.311626613 -2.605249166 -0.074942656 -0.532195926 -0.035749018 0.842539728
662.025154 -1.630261183 -0.324264884 -2.588087559 -0.063237906 -0.587972105 -0.040744077 0.805375516
662.125154 -1.653514624 -0.330380559 -2.575921535 -0.053743850 -0.612023830 -0.039147019 0.788039386
662.325154 -1.685509682 -0.334220111 -2.552762508 -0.055379052 -0.641781628 -0.036473911 0.764015138
662.475154 -1.707217216 -0.333328485 -2.537255287 -0.062306888 -0.655611038 -0.031306043 0.751872301
662.775154 -1.758853674 -0.333795905 -2.509174824 -0.071673296 -0.681644201 -0.013796172 0.728034198
662.925154 -1.804021120 -0.333578169 -2.494836807 -0.070934340 -0.702535927 -0.014104881 0.707963824
663.075153 -1.858360529 -0.341902435 -2.481297493 -0.061812431 -0.729016781 -0.016384346 0.681502342
663.125154 -1.874932528 -0.343595505 -2.475429773 -0.058164105 -0.735058427 -0.018422646 0.675253034
663.275154 -1.920968294 -0.354716003 -2.459294319 -0.053781863 -0.751734674 -0.015329141 0.657090187
663.475153 -1.987845182 -0.376223058 -2.433455944 -0.047181353 -0.779496551 -0.007210415 0.624585509
663.825153 -2.057592392 -0.429093778 -2.450187206 -0.029467311 -0.846159995 -0.010608525 0.532007873
664.125153 -2.120692253 -0.468879521 -2.479370594 -0.009654114 -0.899571419 -0.009149306 0.436571151
664.475153 -2.209481239 -0.519743025 -2.555265427 -0.025865590 -0.940530896 0.025600767 0.337753177
664.975153 -2.323001146 -0.603409946 -2.650158644 -0.027375259 -0.965475857 0.064225309 0.250962317
665.525153 -2.422185898 -0.659774661 -2.699954987 -0.028829504 -0.990175784 0.085817210 0.106565297
665.925153 -2.515395641 -0.591347516 -2.750385761 -0.019243479 -0.996565998 0.029649917 0.074878290
666.125153 -2.531665802 -0.539798081 -2.778460026 -0.030290462 -0.998268664 -0.016674167 0.047583759
666.475153 -2.521720648 -0.458696485 -2.785883427 -0.063103743 -0.996714354 -0.046751462 0.019817421
667.025153 -2.480169296 -0.340839684 -2.721644640 -0.046577141 -0.992155433 -0.100298785 0.058295369
667.325153 -2.419314146 -0.263864875 -2.688256741 -0.056721523 -0.979440570 -0.165033966 0.101205960
667.475152 -2.377871752 -0.242107987 -2.672715902 -0.065997466 -0.972962916 -0.186472356 0.119229391
667.625152 -2.328866005 -0.228751183 -2.656773329 -0.074467339 -0.968839467 -0.189971760 0.140411928
667.875152 -2.250047207 -0.229586005 -2.608840704 -0.093308538 -0.963884175 -0.179535940 0.173169717
668.025152 -2.204885960 -0.230084896 -2.577663183 -0.103727378 -0.961039245 -0.178474218 0.183823660
668.075152 -2.191468716 -0.228903770 -2.566906929 -0.104548343 -0.959974408 -0.180782646 0.186645284
668.125152 -2.178378582 -0.227045059 -2.556492329 -0.105006471 -0.958553612 -0.184232354 0.190281361
668.175152 -2.167004585 -0.224886179 -2.544568539 -0.105552331 -0.956640482 -0.187440082 0.196376935
668.275152 -2.145445824 -0.222238302 -2.518988609 -0.113081403 -0.950576127 -0.189828724 0.218134508
668.325152 -2.133940220 -0.223899603 -2.504332304 -0.115734436 -0.946827471 -0.191937312 0.230831817
668.475152 -2.101834059 -0.231393695 -2.461297750 -0.121176116 -0.935832083 -0.187206879 0.272925347
668.625152 -2.081298828 -0.243956089 -2.421205521 -0.127048194 -0.919129670 -0.183321461 0.324734896
668.725152 -2.080250502 -0.254570425 -2.396076679 -0.133922622 -0.905694604 -0.171296254 0.363922566
668.975152 -2.107432127 -0.278425276 -2.359164953 -0.137087658 -0.865514636 -0.140527844 0.460807353
669.125152 -2.140354633 -0.292414039 -2.363058329 -0.148411646 -0.832524359 -0.124018051 0.519130707
669.225153 -2.160878181 -0.294340998 -2.363958120 -0.144452691 -0.812949121 -0.113328047 0.552633524
669.325152 -2.180389404 -0.294749111 -2.361454725 -0.150437593 -0.791788161 -0.104536109 0.582676709
669.525152 -2.220301867 -0.287831903 -2.365803480 -0.149148539 -0.759128332 -0.097543553 0.626070499
669.825152 -2.333761215 -0.286661059 -2.341744900 -0.136065587 -0.736298501 -0.067232527 0.659416735
670.075152 -2.396913767 -0.279812306 -2.372161865 -0.115449816 -0.697146893 -0.034653060 0.706722498
670.275152 -2.489617348 -0.319017440 -2.021147490 -0.145998999 -0.799445689 -0.038269311 0.581469119
670.475152 -2.580891609 -0.320571601 -2.025195837 -0.148999423 -0.775194049 -0.018351596 0.613625765
670.625151 -2.660247326 -0.324673057 -2.024637461 -0.142652601 -0.752318680 -0.005768713 0.643143535
670.775152 -2.730162859 -0.336456209 -2.010643005 -0.134328738 -0.726398051 0.007893405 0.673972845
670.875152 -2.763986111 -0.346043438 -1.988972306 -0.133180559 -0.707712710 0.016734714 0.693632305
671.175151 -2.863537788 -0.370632559 -1.955714226 -0.121002242 -0.664234519 0.014551350 0.737522423
671.675151 -3.100082636 -0.404116780 -1.793205976 -0.105024539 -0.634784818 0.017468337 0.765318871
671.825151 -3.152311325 -0.404384851 -1.738116741 -0.099690385 -0.612134039 0.022082785 0.784133971
672.225152 -3.334613085 -0.431965381 -1.570787668 -0.087575659 -0.546186388 0.018844845 0.832859993
672.625151 -3.586455584 -0.421869695 -1.445734262 -0.095116369 -0.518642962 0.007052640 0.849654436
672.975151 -3.900634050 -0.414548099 -1.378413081 -0.084788129 -0.561036050 -0.002361662 0.823434234
673.575151 -4.417407990 -0.399799913 -1.469403505 -0.084794238 -0.642582119 0.003293266 0.761503398
674.025151 -4.751327038 -0.388148129 -1.574865818 -0.091971189 -0.694974363 0.005404143 0.713107824
674.225151 -4.884246826 -0.384326816 -1.645396471 -0.089950897 -0.730915427 0.001785566 0.676511824
674.375151 -5.006410122 -0.437643230 -1.770616055 -0.088381454 -0.755120218 -0.012154612 0.649487853
674.525151 -5.121692657 -0.394665778 -1.925021172 -0.061578937 -0.779048860 0.004943990 0.623912215
674.775151 -5.197081566 -0.453386635 -2.020574570 -0.077995501 -0.835619986 -0.007407271 0.543692112
675.775150 -5.468636513 -0.508205056 -2.183992863 -0.072120324 -0.960932553 0.024262136 0.266117752
675.975150 -5.551314354 -0.512022614 -2.272098541 -0.069729634 -0.979465246 0.005167713 0.189100146
676.275150 -5.584702015 -0.511849821 -2.387084961 -0.060272630 -0.995425045 -0.025561513 0.069590777
676.775150 -5.521502972 -0.535288513 -2.451150179 0.049347155 0.992775261 0.035719935 0.103374310
677.325150 -5.505765915 -0.516261160 -2.550343275 -0.004138506 0.952540874 0.030480981 0.302852601
678.075150 -5.367772102 -0.515522361 -2.494239330 -0.012813763 0.866723776 0.029012732 0.497779042
678.425150 -5.287599087 -0.516578078 -2.406999588 -0.021368450 0.802551806 0.043565962 0.594605744
678.825150 -5.167075157 -0.508768439 -2.304578781 -0.025652204 0.742967665 0.045032859 0.667317808
679.275150 -5.123799801 -0.626341760 -2.142740726 -0.056818653 0.653974414 0.035098907 0.753562927
679.775150 -4.903735638 -0.603794932 -2.162468910 -0.063973941 0.471709907 0.041481696 0.878451109
680.625149 -4.857300758 -0.525952458 -1.919330716 -0.051889751 0.190596446 0.018807590 0.980115712
681.125149 -4.994747162 -0.504805505 -1.813785791 -0.056598794 0.101337172 0.006412418 0.993220150
681.775149 -5.169353485 -0.419039488 -1.619982362 -0.047382582 0.020048531 0.024272291 0.998380601
682.125149 -5.283719063 -0.372140706 -1.529140830 -0.048998687 -0.032339666 0.028993992 0.997853994
682.225149 -5.314225674 -0.366406322 -1.504995823 -0.064949401 -0.067402758 0.024277605 0.995313585
682.325149 -5.350638866 -0.368998200 -1.481847644 -0.080773391 -0.103320263 0.015920324 0.991235137
682.425149 -5.436784744 -0.339205921 -1.450086355 -0.085603707 -0.122601129 0.011031372 0.988695741
682.475149 -5.454805374 -0.349981725 -1.436824799 -0.092276126 -0.137881026 0.010373644 0.986086369
682.525149 -5.470559120 -0.385075986 -1.395271897 -0.108929843 -0.155893013 0.010699128 0.981691003
682.675149 -5.510190964 -0.372778833 -1.376551867 -0.125012547 -0.211788088 0.012058614 0.969212234
682.825149 -5.543178082 -0.364792585 -1.360486269 -0.140861392 -0.257777274 0.005592483 0.955864906
683.025149 -5.569139957 -0.370419443 -1.376174212 -0.154604062 -0.312953115 -0.006922064 0.937075257
683.275149 -5.562195778 -0.362993360 -1.405290723 -0.161837950 -0.379053891 -0.028286165 0.910673678
683.375149 -5.557178974 -0.348504424 -1.418589711 -0.167960212 -0.398340255 -0.033866830 0.901092350
683.575148 -5.539916515 -0.329960287 -1.444675207 -0.179595873 -0.414288014 -0.037771180 0.891450584
683.925148 -5.495991707 -0.307283163 -1.546701431 -0.189252213 -0.423811823 -0.029482638 0.885267138
684.175148 -5.457853317 -0.285703778 -1.654189110 -0.204799697 -0.440949708 -0.038299698 0.873014092
684.575148 -5.398445129 -0.273419887 -1.763952494 -0.211482286 -0.506321311 -0.073833667 0.832744002
684.875148 -5.360633850 -0.243965834 -1.802631140 -0.214748427 -0.571763277 -0.095216885 0.786068499
685.075148 -5.337266922 -0.230479062 -1.840634823 -0.210613430 -0.623358250 -0.132933155 0.741212010
685.375148 -5.298743725 -0.236026168 -1.910664082 -0.187854543 -0.689609766 -0.148934171 0.683350325
685.725148 -5.228285789 -0.236791611 -2.003168106 -0.166685611 -0.765725076 -0.168277621 0.597966254
685.975148 -5.151429176 -0.206838012 -2.058354855 -0.159340039 -0.808428049 -0.193747133 0.532462955
686.375148 -5.075747490 -0.207855225 -2.139702797 -0.128049046 -0.871312201 -0.194891810 0.431782097
686.825148 -4.938871384 -0.211935282 -2.225860596 -0.080015287 -0.930768609 -0.209232390 0.288944989
687.175147 -4.804378033 -0.230837941 -2.273273945 -0.049464237 -0.961049139 -0.194537923 0.189981028
687.475147 -4.657818794 -0.228102803 -2.300260544 -0.030837249 -0.974275589 -0.201782331 0.095499218
687.825147 -4.509075642 -0.243773937 -2.304815292 0.001809001 0.981179237 0.189065248 0.039221853
687.975147 -4.454535484 -0.254902393 -2.304965496 -0.015729653 0.978167653 0.176850587 0.108002760
688.075147 -4.415636063 -0.258293331 -2.301507473 -0.024965778 0.973011017 0.172544420 0.151177883
688.125147 -4.395672321 -0.259477705 -2.299005508 -0.030134004 0.969716549 0.171183914 0.171574786
688.175147 -4.378011227 -0.260274470 -2.295099974 -0.034689307 0.966304600 0.169685245 0.190418065
688.225148 -4.359787941 -0.260723680 -2.290719032 -0.039233252 0.962486207 0.168642670 0.208903700
688.275147 -4.342481136 -0.261232018 -2.283361673 -0.044675793 0.958881438 0.166519344 0.225436836
688.425147 -4.294021606 -0.261079133 -2.259740591 -0.055590462 0.946012378 0.163251653 0.274443567
688.525147 -4.266452789 -0.260454625 -2.246240377 -0.059749264 0.938465059 0.159803212 0.300293654
688.725147 -4.214998722 -0.265995264 -2.218473911 -0.065188952 0.926794827 0.150005266 0.338083118
689.025147 -4.136987686 -0.273681283 -2.183399916 -0.060634289 0.913107455 0.134086400 0.380235553
689.325147 -4.022325516 -0.248957276 -2.124763489 -0.063236110 0.876943409 0.120570108 0.460905969
689.525147 -3.984554291 -0.250172734 -2.103127956 -0.068061799 0.840399981 0.109519467 0.526403904
690.025147 -4.076524734 -0.191287100 -2.145035267 -0.070272043 0.829387903 0.133974910 0.537799597
690.525147 -4.292941570 -0.115308881 -2.194711924 -0.060739577 0.898706377 0.198618487 0.386248946
690.875147 -4.398850918 -0.090690464 -2.126343489 -0.024989633 0.935809851 0.230586201 0.265453368
691.175146 -4.458761215 -0.098362923 -1.978626609 0.020339314 0.957953870 0.234410226 0.164202675
692.125146 -4.657597065 -0.235042512 -1.459103703 0.024761492 0.983151853 0.179548115 0.023702141
692.725146 -4.743945599 -0.214591861 -1.181674957 -0.052547742 -0.959078789 -0.142977521 0.238671482
693.275146 -4.835679531 -0.262228608 -1.086154461 -0.040025577 -0.913397431 -0.093295075 0.394206971
693.925146 -4.813074112 -0.430852264 -1.146373749 -0.010574804 -0.858220577 -0.049328025 0.510795712
694.575146 -4.774878979 -0.629700601 -1.227497578 0.030044498 -0.768181741 -0.065106705 0.636203706
694.975146 -4.829796791 -0.600369692 -1.239854097 0.041238833 -0.704503000 -0.069048986 0.705129147
695.275146 -4.795792580 -0.577877343 -1.263657093 0.035586067 -0.653857827 -0.078219280 0.751721501
695.425145 -4.753691673 -0.559224904 -1.289262772 0.022307556 -0.610795200 -0.072548524 0.788142323
695.725146 -4.716442585 -0.470775157 -1.409771919 -0.018960686 -0.536803722 -0.073707879 0.840267479
695.925145 -4.708861828 -0.445049107 -1.412554741 -0.043427311 -0.518015981 -0.098634310 0.848554492
696.525145 -4.782952309 -0.328380346 -1.416665673 -0.072274916 -0.450520456 -0.111276492 0.882850587
696.875145 -4.749967098 -0.316737711 -1.491972446 -0.086825170 -0.355057716 -0.101242058 0.925281286
697.075145 -4.711407661 -0.322763473 -1.551975846 -0.113605626 -0.299550742 -0.093387090 0.942678094
697.275145 -4.673499584 -0.330311179 -1.595676541 -0.126040101 -0.245930150 -0.091121010 0.956728399
697.525145 -4.645501614 -0.334816933 -1.616198421 -0.128096730 -0.162830666 -0.074793227 0.975440085
698.225145 -4.595439434 -0.357091993 -1.741437674 -0.110018454 0.064441927 -0.012870536 0.991754770
698.675145 -4.602785587 -0.417708278 -1.964322448 -0.087754175 0.203891113 0.014481529 0.974945128
698.925145 -4.611386776 -0.463515043 -2.072213411 -0.076811649 0.255698264 0.007969121 0.963667393
699.175144 -4.612035751 -0.531116128 -2.123919487 -0.055693045 0.299398035 -0.001084105 0.952500880
702.875144 -4.830631256 -0.384084821 -2.163944721 -0.118200995 0.654597282 0.046636429 0.745222092
704.225144 -4.494551659 -0.450327128 -2.355537415 -0.072946772 0.605690718 0.071268953 0.789137602
705.125143 -4.103257179 -0.484818757 -2.357326984 -0.042367376 0.665958941 0.069289498 0.741554201
705.575143 -3.880525112 -0.467460930 -2.380237103 -0.043057676 0.704908967 0.072030544 0.704316020
705.825143 -3.763735533 -0.465348393 -2.427535534 -0.023669254 0.740783334 0.083078742 0.666166484
705.975143 -3.705469847 -0.469916224 -2.459330797 -0.023628796 0.761677384 0.080109008 0.642551005
706.325143 -3.608706951 -0.447832257 -2.500898123 -0.040138092 0.803235233 0.085523561 0.588122308
707.075142 -3.567255735 -0.456549406 -2.564074516 0.000305167 0.905077517 0.096986406 0.414038956
708.025142 -3.233695745 -0.545343816 -2.828426123 0.011704176 0.909755051 0.028480215 0.414001971
708.525142 -2.980917454 -0.543065965 -2.861404419 0.007622720 0.867433250 0.030568855 0.496555150
708.725143 -2.881734610 -0.557652771 -2.856672287 0.007194919 0.844566941 0.028885005 0.534622014
708.825142 -2.836725235 -0.566379726 -2.854866028 0.006312703 0.831393600 0.024862736 0.555091560
708.925142 -2.793661118 -0.575492501 -2.853357315 0.006805552 0.816879809 0.015548036 0.576558232
709.075142 -2.735873938 -0.587913096 -2.849366903 0.008122637 0.788503885 0.005577224 0.614950955
709.175142 -2.701196671 -0.596176863 -2.842221022 0.006290779 0.763961852 -0.003739175 0.645219922
709.275142 -2.666679621 -0.607657909 -2.833892584 0.004404283 0.735131085 -0.011832610 0.677807450
709.475142 -2.573617220 -0.607498705 -2.805320978 -0.008272030 0.682545722 -0.037491869 0.729833722
709.875142 -2.388299465 -0.569899797 -2.757952452 -0.036079176 0.605150342 -0.019600116 0.795051694
710.325142 -2.157040358 -0.486082166 -2.715404987 -0.045122270 0.614948273 0.019664409 0.787029803
710.525142 -2.056324482 -0.442612052 -2.720276833 -0.038920347 0.619583547 0.050111633 0.782361984
710.875142 -1.860467911 -0.352143943 -2.686343431 -0.042533722 0.600526750 0.039259966 0.797506869
711.175141 -1.770477295 -0.333195835 -2.645841122 -0.057169195 0.529601336 0.019819550 0.846085846
711.375142 -1.533788204 -0.456590772 -2.736283541 -0.089920871 0.456130892 0.039875668 0.884459615
711.475141 -1.486486197 -0.433752477 -2.678950548 -0.100070886 0.429645807 0.047547117 0.896175027
711.625141 -1.421991467 -0.391770720 -2.592311382 -0.105669238 0.392623127 0.056522198 0.911858737
711.875141 -1.316215396 -0.347291589 -2.413881779 -0.104448937 0.338259906 0.066273175 0.932887197
712.075141 -1.236279130 -0.350166023 -2.293999434 -0.101094857 0.312960923 0.073868439 0.941476941
712.325141 -1.161501408 -0.336098105 -2.126816988 -0.109056927 0.258629322 0.060751423 0.957876146
712.475141 -1.113802314 -0.329928160 -2.028900385 -0.104020871 0.226209894 0.060478076 0.966618478
712.575141 -1.070262790 -0.329762548 -1.969578743 -0.097803839 0.210284457 0.057707913 0.971022487
712.725141 -0.997585058 -0.327383518 -1.872745991 -0.094921879 0.190062433 0.049298931 0.975928128
712.925141 -0.906994104 -0.335657090 -1.741122723 -0.097827315 0.160413280 0.025804661 0.981851101
713.175141 -0.799955964 -0.340495288 -1.598551512 -0.085256979 0.146385163 0.012350879 0.985469460
713.375141 -0.712431490 -0.350487798 -1.476251960 -0.063060477 0.146879345 0.017276702 0.986991107
713.425141 -0.688068926 -0.352232963 -1.446034670 -0.059834220 0.148658022 0.021626178 0.986839890
717.275140 0.490636468 -0.482524574 -1.485905886 -0.017420884 0.933507383 -0.011967684 0.357934713
717.725140 0.420499921 -0.472947299 -1.500524044 -0.021070587 0.967693210 -0.007361526 0.251140743
717.875140 0.393781543 -0.470534861 -1.500219107 -0.022525853 0.974072337 -0.009137355 0.224927172
718.075140 0.360400617 -0.474717200 -1.486100435 -0.020745754 0.976772845 -0.007579230 0.213136286
718.275140 0.344943047 -0.465436220 -1.462701082 -0.012866448 0.973949671 -0.000645623 0.226398200
718.375140 0.344755709 -0.456543326 -1.448460221 -0.007267449 0.970464051 0.007255185 0.241027296
721.875139 0.540730298 -0.414980233 -0.340835243 -0.060942233 0.098275572 0.037501741 0.992583275
722.325139 0.343284369 -0.406284988 -0.242694005 -0.053602431 -0.025502158 0.034322936 0.997646451
722.875139 0.230074301 -0.328317404 -0.202068090 -0.095718682 -0.036272984 0.041941024 0.993862748
723.325139 0.096594118 -0.247617841 -0.102979302 -0.099286176 -0.077410571 0.053771388 0.990584970
724.725139 -0.162435308 -0.025310084 0.136899650 -0.055380829 0.020808108 0.065267257 0.996112525
731.625136 -0.167946234 0.062059816 0.087377854 0.005200668 0.042130370 -0.002206177 0.999096155
739.075133 0.183141500 -0.281186312 -0.292219400 -0.047826931 -0.131023690 0.026940579 0.989858389
739.725133 0.128204390 -0.312776834 -0.342232227 -0.039735124 -0.275809199 0.034542244 0.959769368
740.575133 0.045869939 -0.357777685 -0.524213731 -0.048871689 -0.360113263 0.039425340 0.930793047
741.175133 0.019343242 -0.359078020 -0.634530902 -0.046625704 -0.464390874 0.040042039 0.883495212
741.825133 0.146740764 -0.393227667 -0.514167428 -0.051687907 -0.638278425 0.024844201 0.767666459
742.725133 0.074751496 -0.387038171 -0.546475172 -0.056290209 -0.758153677 0.019034773 0.649362862
743.675132 0.167209208 -0.367939055 -0.644074976 -0.059406254 -0.831555247 -0.028323591 0.551529288
743.825132 0.178796113 -0.353811800 -0.644029498 -0.058698483 -0.841459811 -0.049497437 0.534836352
744.525132 0.195865333 -0.315895826 -0.763194263 -0.057233717 -0.892821550 -0.102504857 0.434841186
744.925132 0.210249901 -0.306217790 -0.855375051 -0.035983436 -0.931906223 -0.103890784 0.345633864
745.325132 0.262449145 -0.310346723 -0.918106377 -0.019747021 -0.962566018 -0.095203497 0.253007919
745.625132 0.315580964 -0.311878324 -0.935924530 -0.006624976 -0.979145885 -0.091143034 0.181445450
747.125132 0.575146616 -0.329910398 -0.993055224 -0.025792668 0.990933180 0.086172558 0.099802136
747.225131 0.604260623 -0.333487391 -1.008982897 -0.036028575 0.986354411 0.088158160 0.134294838
747.575131 0.595733166 -0.332599223 -1.113859415 -0.060978290 0.953798711 0.076738365 0.284008652
748.375131 0.746269703 -0.314095378 -0.932279706 -0.082310446 0.886061788 0.062786028 0.451859981
748.925131 0.781401992 -0.295732975 -0.729754031 -0.090662606 0.817125201 0.053404856 0.566775620
749.325131 0.802689970 -0.288556427 -0.603041410 -0.099654585 0.748639584 0.054629747 0.653164089
749.825131 0.779794395 -0.290633678 -0.520871937 -0.105053827 0.677696109 0.049378574 0.726122200
750.275131 0.770469189 -0.302810371 -0.431224585 -0.118566565 0.589860797 0.037728414 0.797861457
750.725131 0.724973321 -0.308285594 -0.364373326 -0.126004651 0.467927217 0.018456955 0.874543488
751.175131 0.627454221 -0.294685751 -0.328820974 -0.139509723 0.325484067 0.006564835 0.935176015
751.675131 0.451985210 -0.322112262 -0.293678969 -0.130770445 0.200670525 -0.001625748 0.970890224
752.075130 0.280227691 -0.340042889 -0.295870781 -0.127045423 0.084645323 0.001272778 0.988277853
752.525130 0.178400785 -0.355015248 -0.287830293 -0.133339018 -0.072270684 -0.003323933 0.988426387
752.875130 0.078401938 -0.342092097 -0.311620414 -0.133240327 -0.186768442 -0.016446209 0.973187625
753.225130 0.022418387 -0.347445220 -0.353147984 -0.121199101 -0.295115948 -0.030067964 0.947266221
753.625130 -0.011554092 -0.346580982 -0.427451134 -0.118826129 -0.411149412 -0.039962370 0.902906179
753.875130 0.042379126 -0.362211287 -0.337357819 -0.104069673 -0.563377440 -0.060494978 0.817383468
754.325130 0.042098641 -0.373917639 -0.466013938 -0.090155393 -0.637896657 -0.055822689 0.762786806
754.725130 0.041725159 -0.379300863 -0.584346175 -0.079072878 -0.693426013 -0.057051569 0.713899910
755.225129 0.055224836 -0.393370777 -0.754741907 -0.069915093 -0.759312809 -0.058577958 0.644301593
755.375130 0.054210663 -0.391605735 -0.804457843 -0.067137353 -0.780996799 -0.061236925 0.617888868
756.775129 0.065361142 -0.379410118 -0.601871073 -0.082548432 -0.689328194 -0.053879250 0.717711270
757.025129 0.096647739 -0.381742954 -0.516980529 -0.088511661 -0.635817766 -0.053638592 0.764868855
757.225129 0.125401363 -0.382184356 -0.440694839 -0.093098089 -0.586640358 -0.047627322 0.803067625
757.475129 0.173426971 -0.381611526 -0.354306519 -0.098851211 -0.525144398 -0.044053338 0.844103754
757.875129 0.281296611 -0.402777016 -0.239900962 -0.098307900 -0.436610520 -0.045309849 0.893114686
758.325129 0.383535028 -0.405454844 -0.111999132 -0.106643625 -0.347443610 -0.033424940 0.931017101
758.725129 0.479465932 -0.405827612 -0.004371680 -0.116525002 -0.262087375 -0.035108790 0.957339823
759.175129 0.604497612 -0.406008989 0.081382424 -0.146250308 -0.150721833 -0.033690009 0.977117598
760.225128 0.748176992 -0.393669903 0.290540725 -0.133408248 0.041883327 -0.000292730 0.990175724
762.025128 0.419641435 -0.313928097 1.114533067 -0.138911888 -0.164748669 -0.013520848 0.976411104
762.525128 0.317677647 -0.281036466 1.403137565 -0.149981305 -0.321026534 -0.027677657 0.934709370
763.275128 0.039257348 -0.212043390 1.678161860 -0.124775492 -0.476162553 -0.047595561 0.869157672
763.775127 -0.199074924 -0.212707460 1.748478174 -0.116046980 -0.568620801 -0.049539544 0.812864900
764.275128 -0.416633487 -0.216452688 1.773742318 -0.090113930 -0.702735245 -0.069154479 0.702324927
764.825127 -0.588469625 -0.200648591 1.773830056 -0.077477545 -0.780151725 -0.077477328 0.615920246
765.375127 -0.829567909 -0.207308143 1.698059797 -0.076990984 -0.812695682 -0.069566689 0.573374748
765.875127 -1.015925050 -0.208326772 1.597805858 -0.053434331 -0.876757622 -0.067420214 0.473175853
766.525127 -1.219228983 -0.264967829 1.514767289 -0.018009560 -0.910304785 -0.036590118 0.411924809
766.875127 -1.292751908 -0.357666075 1.460090756 0.009213929 -0.908037603 0.014282627 0.418543726
767.175127 -1.325568199 -0.419952899 1.419141889 0.030064020 -0.899504483 0.059073094 0.431854486
768.675126 -1.467815399 -0.250049591 1.337726235 -0.025403662 -0.861806691 0.014405536 0.506395459
768.975126 -1.468830228 -0.156123370 1.321874022 -0.021835938 -0.860993981 -0.007863664 0.508085370
769.175126 -1.467503548 -0.100412861 1.313563585 -0.016943173 -0.849835753 -0.027283514 0.526068211
769.425126 -1.486832857 -0.059200644 1.314173460 -0.034514587 -0.817250550 -0.038352180 0.573968232
769.825126 -1.596935987 -0.035111994 1.272171259 -0.058086153 -0.801675677 -0.040612642 0.593542635
770.225126 -1.751646280 -0.050094783 1.202866673 -0.059733007 -0.822247505 -0.026498321 0.565366089
770.525126 -1.839866877 -0.059414729 1.163883567 -0.058735743 -0.828273892 -0.018839214 0.556917965
770.975126 -1.960534573 -0.069567502 1.116007566 -0.072852746 -0.807465971 -0.008348968 0.585338891
771.225125 -2.045994759 -0.079746112 1.065408945 -0.070251845 -0.794854403 -0.009121738 0.602650821
771.575126 -2.151803493 -0.100273311 1.010850430 -0.068242423 -0.764480531 -0.003106305 0.641017020
772.675125 -2.370108128 -0.091059864 0.921243668 -0.083388127 -0.694911778 -0.008536613 0.714192688
773.175125 -2.380193233 -0.084368020 0.834302902 -0.083331130 -0.765721202 -0.010017073 0.637672842
773.475125 -2.342701435 -0.100384653 0.792609692 -0.075530022 -0.815611482 -0.016085688 0.573423505
773.675125 -2.295985699 -0.116921797 0.780194521 -0.070571080 -0.845699966 -0.008012672 0.528911293
773.975125 -2.189351082 -0.147262543 0.804866314 -0.064425528 -0.876740336 0.000020625 0.476629585
774.325125 -2.073571682 -0.172065362 0.858264446 -0.064931229 -0.906735122 0.004045505 0.416652232
774.525125 -2.008423328 -0.175508440 0.880297661 -0.072658956 -0.929076970 0.002126965 0.362673730
774.775125 -1.916015506 -0.163235337 0.913697362 -0.074360013 -0.950073779 -0.012873542 0.302761883
775.325125 -1.743647575 -0.179550409 0.992711425 -0.084746718 -0.968493283 -0.019548636 0.233359575
776.075124 -1.482052803 -0.213329971 1.199435711 -0.086868130 -0.962258160 -0.007819976 0.257782936
776.475124 -1.376466393 -0.233175367 1.214853048 -0.085725620 -0.983864725 0.009739943 0.156737030
776.675124 -1.320655107 -0.218749568 1.227148890 -0.081040360 -0.991050720 -0.006549392 0.105867989
776.775124 -1.296311736 -0.205414176 1.240405798 -0.078511350 -0.993156195 -0.016927147 0.084795207
776.875125 -1.272990108 -0.189060465 1.252173901 -0.074463405 -0.994488657 -0.031477492 0.066758707
777.025124 -1.245404959 -0.169706166 1.270034313 -0.071309246 -0.995177209 -0.044974461 0.050146680
777.175124 -1.229275227 -0.152792335 1.288185954 -0.066855155 -0.995027542 -0.057405487 0.046423651
777.375124 -1.219687462 -0.132218868 1.320085168 -0.056393050 -0.994201481 -0.070462815 0.058465652
777.475124 -1.212729216 -0.119330518 1.339657187 -0.051201575 -0.993171394 -0.078286037 0.069715559
777.625124 -1.187863708 -0.101298168 1.374875784 -0.050325617 -0.991200268 -0.091602482 0.081230760
777.725124 -1.161133528 -0.090124197 1.397517443 -0.049202394 -0.990670979 -0.099802628 0.078673765
777.875124 -1.115066051 -0.077332526 1.427678466 -0.050737429 -0.990621626 -0.108131461 0.066347979
777.975124 -1.080906153 -0.070662819 1.443776250 -0.048394855 -0.991114676 -0.113959484 0.048609883
778.075124 -1.045006633 -0.061407059 1.451212406 -0.041671421 -0.991470039 -0.121324033 0.023046892
778.125124 -1.027284145 -0.058067650 1.454402566 -0.036497090 -0.991803527 -0.121936724 0.011188088
778.225124 -0.995531440 -0.054053724 1.458200336 0.032097537 0.991529107 0.125165567 0.013166699
778.375124 -0.952616751 -0.051924944 1.459859371 0.026376192 0.990822852 0.124231048 0.046271030
778.475124 -0.928047359 -0.050707400 1.457446814 0.025766363 0.989690185 0.123863712 0.067135952
778.575124 -0.906316400 -0.050647497 1.455937028 0.022712437 0.988281965 0.123956494 0.086126223
778.725124 -0.875243425 -0.049620450 1.448560715 0.012037761 0.983918071 0.126489550 0.125541866
778.825124 -0.855293691 -0.053504467 1.445788145 0.004146012 0.979902208 0.125347108 0.155121431
778.975124 -0.826149702 -0.059548825 1.441730261 -0.009340938 0.971871257 0.122540146 0.200905293
779.075123 -0.805100560 -0.064409673 1.440691590 -0.017731013 0.964495480 0.119518399 0.234839156
779.225124 -0.768876433 -0.069133073 1.438652039 -0.032302197 0.951216280 0.113326862 0.285133779
779.375123 -0.733728051 -0.075349212 1.453568816 -0.042943146 0.935912490 0.106679887 0.332931042
779.525123 -0.695973158 -0.077267021 1.466863155 -0.053699519 0.917283177 0.100071289 0.381698400
779.875123 -0.594927907 -0.079969078 1.514563322 -0.076975793 0.863125443 0.088671356 0.491148353
780.275123 -0.501568198 -0.071757331 1.579243541 -0.081153139 0.804235637 0.091963813 0.581516981
780.775123 -0.330258489 -0.036635533 1.697368503 -0.101881079 0.745508850 0.092029132 0.652202010
781.225123 -0.181124806 0.006277740 1.863094091 -0.128199503 0.662171066 0.088965252 0.732925355
781.575123 -0.108713388 0.059038311 1.995337486 -0.159403160 0.591008484 0.085455053 0.786127865
782.025123 -0.060162544 0.095952779 2.097531796 -0.185994685 0.517459273 0.065884158 0.832647085
782.475123 -0.033155024 0.077125698 2.136841774 -0.179472297 0.386036247 0.036940858 0.904102385
782.775123 -0.034662664 0.025215998 2.125168800 -0.159515664 0.299786359 0.001701192 0.940574348
783.125123 -0.060609728 -0.046439573 2.094315529 -0.124103516 0.251016289 0.015892547 0.959862769
783.425122 -0.095065400 -0.123828486 2.083577394 -0.098694623 0.236857653 0.000339631 0.966518342
783.925122 -0.174740925 -0.278511912 2.102496386 -0.079217039 0.238774776 -0.023083653 0.967563152
784.475122 -0.190529168 -0.423806667 2.115148067 -0.059454102 0.261082232 -0.031347916 0.962973833
784.825122 -0.149040997 -0.496776283 2.088916779 -0.067958876 0.295941025 -0.026939407 0.952404737
785.125122 -0.073525727 -0.535073817 2.013244629 -0.069153622 0.364663780 -0.034680154 0.927919924
785.525122 0.033573031 -0.554267883 1.894450665 -0.068306752 0.446687669 -0.034195513 0.891422987
786.175122 0.135067761 -0.573160291 1.758415341 -0.074466638 0.530349910 -0.050822817 0.842971444
786.675122 0.182231128 -0.578001022 1.639726162 -0.065533489 0.587150455 -0.042531416 0.805698931
787.675122 0.170865655 -0.398745805 1.565783858 -0.037553363 0.598409772 -0.035088256 0.799540102
788.225121 0.149175704 -0.268252790 1.564713359 -0.051187493 0.597026587 -0.019651085 0.800345480
788.575121 0.138079405 -0.183128595 1.530015230 -0.057335064 0.620204270 0.002015409 0.782339633
788.875121 0.128566623 -0.087838322 1.469166636 -0.074679971 0.657983482 0.035872955 0.748461008
789.275121 0.151671410 -0.008600861 1.380998850 -0.091233134 0.695977092 0.051929358 0.710349143
789.775121 0.149445057 0.093636222 1.273040652 -0.109597713 0.730467975 0.083495334 0.668904662
790.725121 0.224900842 -0.047935292 1.217269182 -0.119712189 0.739857674 0.097974621 0.654737055
791.225120 0.278035998 -0.195278555 1.158454537 -0.091587171 0.725199878 0.101599135 0.674814463
791.675121 0.272606909 -0.267754197 1.018559933 -0.071035430 0.736527741 0.087170854 0.666994810
792.075120 0.289541483 -0.289527148 0.861397386 -0.078413181 0.747367680 0.062863097 0.656765699
792.675120 0.386351317 -0.343412220 0.701402843 -0.065899901 0.749575853 0.023850547 0.658197880
793.075120 0.514494777 -0.419994175 0.621739566 -0.053630143 0.702214777 -0.024706271 0.709512413
793.375120 0.605472326 -0.486411721 0.587693572 -0.029755447 0.641700864 -0.067993574 0.763355434
793.725120 0.694076717 -0.537879765 0.559502065 -0.035185724 0.526168942 -0.096491680 0.844154954
794.175120 0.721684754 -0.575196147 0.556218684 -0.010865144 0.442225486 -0.101603366 0.891064167
794.875120 0.710900366 -0.499870032 0.543848038 0.006014818 0.332563788 -0.056727972 0.941353917
795.125120 0.740888596 -0.456657410 0.534514487 -0.010852975 0.257555038 -0.034647748 0.965581238
795.525119 0.739662588 -0.389754742 0.518275738 -0.046406060 0.169367686 -0.007825987 0.984428704
796.875119 0.691402972 -0.286145598 0.129324421 -0.097644083 0.207767650 0.036236927 0.972617686
797.475119 0.807738006 -0.263663888 -0.168294251 -0.106930286 0.287326127 0.040520791 0.950982511
797.975119 0.859182119 -0.263485938 -0.405890226 -0.108546399 0.378393054 0.049943633 0.917900920
798.375119 0.881178200 -0.274646610 -0.576016188 -0.097666390 0.472930670 0.059902307 0.873618662
798.825119 0.869105101 -0.288847327 -0.690823913 -0.084868908 0.557147324 0.068043873 0.823258221
799.325118 0.802424610 -0.289446592 -0.761204243 -0.087172337 0.644365013 0.073973343 0.756123424
799.875119 0.619686544 -0.285390407 -0.781180263 -0.061588183 0.744590759 0.098679058 0.657308102
800.225118 0.506117880 -0.270051956 -0.807108402 -0.053662386 0.804140985 0.100510098 0.583416939
800.875118 0.367074788 -0.272688687 -0.876558185 -0.042800311 0.875039101 0.109249271 0.469616264
801.875118 0.626583338 -0.344487190 -1.107555509 -0.032201935 0.876653969 0.066662192 0.475391477
803.925117 1.199622512 -0.752729535 -1.345656753 0.037869971 0.765126348 -0.032638986 0.641936302
804.925117 1.131014585 -0.475155681 -1.418419242 -0.001865850 0.645986855 0.007091335 0.763313353
805.375117 1.146552086 -0.426753432 -1.336195469 -0.007158969 0.591486037 0.056446142 0.804305196
805.725117 1.142851353 -0.394817173 -1.255694032 -0.025657393 0.547275186 0.076048225 0.833095551
806.225117 1.108388424 -0.308074892 -1.163835406 -0.077914029 0.487973511 0.073182121 0.866288424
806.825117 0.979662061 -0.229405865 -1.041049242 -0.119364507 0.464719325 0.057176188 0.875510693
807.325117 0.822497487 -0.203193292 -0.871576905 -0.119803555 0.399887830 0.073256657 0.905743003
808.225117 0.754195392 -0.174701288 -1.043180466 -0.148538664 0.540026486 0.111542672 0.820893347
808.525116 0.713245332 -0.187375829 -1.172833323 -0.142995581 0.611636519 0.126569778 0.767745495
808.825116 0.632237792 -0.198305577 -1.260535955 -0.138189644 0.661410570 0.135297224 0.724661529
809.225116 0.504382730 -0.225194693 -1.300763726 -0.124693200 0.705213308 0.131520793 0.685440063
809.825116 0.216265917 -0.243275970 -1.263210535 -0.091272332 0.796378076 0.149792507 0.578803539
811.525115 0.029666662 -0.380951434 -1.180870771 -0.051346835 0.941036463 0.126009062 0.309734941
811.725115 -0.002861857 -0.399720401 -1.123391867 -0.043861356 0.962610126 0.131697714 0.232623398
812.025115 -0.034212559 -0.416978121 -0.968541682 -0.011011234 0.983128667 0.143643215 0.112709530
812.475115 -0.072848462 -0.423833132 -0.793788433 0.010417439 0.987473786 0.157350227 0.005293038
813.075115 -0.132061422 -0.448179185 -0.744153023 -0.028638940 -0.980524063 -0.139639229 0.135104656
813.375115 -0.173770711 -0.463332683 -0.799492538 -0.044368058 -0.977217078 -0.115174763 0.172664806
813.925115 -0.264936388 -0.499708891 -0.997796595 -0.047190230 -0.978058636 -0.101261511 0.175842211
814.575115 -0.396716684 -0.507774293 -1.179125547 -0.078080915 -0.969563544 -0.085114494 0.215883061
815.225114 -0.569155157 -0.465530574 -1.398034453 -0.074342042 -0.965215981 -0.101269044 0.229294494
815.675115 -0.803303242 -0.441768408 -1.543456078 -0.041659366 -0.984162331 -0.109096237 0.133368373
816.075114 -0.901710272 -0.404070914 -1.652445436 -0.033071741 -0.990894258 -0.118329681 0.055072494
816.425114 -0.965847611 -0.389193475 -1.819402337 -0.036350135 -0.991586387 -0.124201633 0.003020138
817.025114 -1.032920122 -0.369773805 -2.059701920 0.014006896 0.977719009 0.111688487 0.177186340
817.525114 -1.120164156 -0.343289733 -2.229967594 -0.004468076 0.950307190 0.117532507 0.288240224
818.225114 -1.145864010 -0.356042773 -2.556436539 -0.015194008 0.906683266 0.120578334 0.403925210
818.725114 -1.161182404 -0.356379271 -2.793735743 -0.048328336 0.842843592 0.094686240 0.527554452
819.075113 -1.133669853 -0.351906866 -2.946894884 -0.047725808 0.818009734 0.095948063 0.565133870
819.475114 -1.055516958 -0.377174944 -3.108588696 -0.048587125 0.795547426 0.085345946 0.597879410
819.975113 -0.922333241 -0.389758050 -3.236888885 -0.056342524 0.708958089 0.055405453 0.700809658
820.625114 -0.754820466 -0.373413026 -3.328361511 -0.055994283 0.607767344 0.056656890 0.790109813
820.975113 -0.613333702 -0.402586997 -3.368775129 -0.060997732 0.561794639 0.034638211 0.824297428
821.575113 -0.409404874 -0.412627876 -3.372148991 -0.068125196 0.405649334 0.031655446 0.910936594
821.925113 -0.369254738 -0.416057467 -3.337449312 -0.075104408 0.318683475 0.020770483 0.944652736
822.025113 -0.367332309 -0.420229822 -3.323641062 -0.071370125 0.294240177 0.016697600 0.952916682
822.125113 -0.375963420 -0.429725826 -3.301334143 -0.065528937 0.271897048 0.015007338 0.959975362
822.225113 -0.385187387 -0.436665326 -3.274199009 -0.060580403 0.249567747 0.012834808 0.966375291
822.425113 -0.403468668 -0.466522038 -3.230728149 -0.052834302 0.218663484 0.005995853 0.974350512
822.875113 -0.439418077 -0.543372214 -3.172359228 -0.060388409 0.214608043 -0.015980886 0.974700630
823.125113 -0.464880794 -0.581342757 -3.127486467 -0.056626230 0.204520881 -0.035307329 0.976584911
823.225113 -0.484520972 -0.585835934 -3.101567745 -0.057135370 0.191274121 -0.042688537 0.978941977
823.325113 -0.506491601 -0.591140866 -3.070587635 -0.053839061 0.176564366 -0.046666693 0.981707036
823.475113 -0.543822289 -0.595095158 -3.022332907 -0.046677612 0.150548786 -0.047826856 0.986341178
823.575112 -0.570334375 -0.592030644 -2.990130901 -0.041631609 0.130154625 -0.044634677 0.989613235
823.675113 -0.600110173 -0.590302706 -2.952743530 -0.036879055 0.109454110 -0.042851798 0.992382765
823.825113 -0.640172303 -0.583228290 -2.907022953 -0.031442482 0.078148186 -0.033761892 0.995873690
824.175112 -0.723865449 -0.539099038 -2.797029972 -0.039372765 0.003874784 -0.010885893 0.999157786
824.525112 -0.761982739 -0.470388144 -2.711692572 -0.050784320 -0.087592237 0.019069031 0.994678319
824.975112 -0.753172219 -0.347827315 -2.644743919 -0.095038377 -0.182936639 0.010015309 0.978469014
825.425112 -0.657927871 -0.208782613 -2.635639668 -0.142891064 -0.267929077 -0.010477904 0.952725768
825.825112 -0.314527512 0.045572057 -2.595142365 -0.144794837 -0.349693120 0.000931185 0.925607026
826.425112 -0.320132375 0.043797165 -2.573436737 -0.169471994 -0.447774768 -0.000441523 0.877938926
826.925112 -0.989005208 -0.206550062 -2.530128717 -0.161547303 -0.563692808 -0.062929578 0.807584584
827.175112 -1.045689821 -0.240787312 -2.543228626 -0.139654309 -0.589495122 -0.056401793 0.793606400
827.475111 -1.100878716 -0.289047003 -2.544341803 -0.117217094 -0.594642580 -0.048954826 0.793891549
827.675112 -1.135178804 -0.329990149 -2.536299706 -0.120668501 -0.585030377 -0.043446913 0.800806463
827.875111 -1.168685794 -0.390176058 -2.526478052 -0.113705948 -0.578701079 -0.040478405 0.806559145
828.025111 -1.187254190 -0.448508292 -2.520316362 -0.097839586 -0.571829259 -0.038509954 0.813606679
828.225111 -1.198416114 -0.524581909 -2.521660089 -0.082245126 -0.565018237 -0.033503581 0.820285141
828.575111 -1.189497232 -0.620290875 -2.535869837 -0.047759812 -0.541516006 -0.041517701 0.838305235
829.225111 -1.145730853 -0.750363410 -2.545353413 -0.022615591 -0.471439242 -0.037075333 0.880828619
829.925111 -1.018675089 -0.783168018 -2.502600431 -0.016653406 -0.358625859 -0.053996999 0.931769550
830.725111 -0.870070636 -0.632255971 -2.468507528 -0.044461511 -0.255147815 -0.052677441 0.964441717
831.225110 -0.821906924 -0.518580496 -2.468736649 -0.070377685 -0.182455629 0.012919699 0.980606973
831.825110 -0.816940606 -0.367771298 -2.385197639 -0.096208408 -0.155415997 0.010580330 0.983096063
831.975111 -0.827738285 -0.328877032 -2.346570015 -0.114703931 -0.145329118 0.014023563 0.982611716
832.175110 -0.837673068 -0.281467855 -2.304609537 -0.140542120 -0.126476824 0.006616692 0.981940806
832.575110 -0.865198314 -0.232437894 -2.259122849 -0.173087403 0.000309970 0.012267193 0.984830022
832.725110 -0.877558410 -0.236208141 -2.258637190 -0.166105464 0.067306019 0.030200616 0.983344734
832.825110 -0.886649191 -0.245007023 -2.255415201 -0.157225177 0.110580608 0.042550694 0.980429292
832.925110 -0.892558753 -0.258384913 -2.255787849 -0.150101483 0.149066135 0.055371590 0.975798547
833.075110 -0.894976556 -0.279771984 -2.249631882 -0.145319223 0.192617580 0.064640418 0.968298733
833.125110 -0.892996669 -0.284300387 -2.242653608 -0.142697513 0.202620566 0.070842013 0.966211081
833.375110 -0.890031934 -0.317306757 -2.182907820 -0.126210168 0.233318210 0.087980732 0.960152626
833.425110 -0.886463702 -0.323018849 -2.164490461 -0.119608924 0.237321228 0.090380959 0.959793568
833.525110 -0.887478769 -0.334199756 -2.123106480 -0.108262911 0.245871753 0.088337220 0.959178150
833.675110 -0.882270396 -0.359803617 -2.073333740 -0.089549258 0.263684362 0.088794380 0.956330001
833.925110 -0.871893883 -0.413893938 -2.007899761 -0.069106996 0.312582403 0.092394717 0.942857206
834.275110 -0.922623456 -0.495286405 -2.011085033 -0.041475490 0.374993920 0.097451635 0.920957386
834.725110 -1.051496744 -0.584653676 -2.106455803 0.005897456 0.464865446 0.071515374 0.882468641
835.275110 -1.188823700 -0.592883229 -2.271467209 -0.020117121 0.577193260 0.072072722 0.813172042
835.575109 -1.237029552 -0.553666830 -2.330396652 -0.041862182 0.614418566 0.077236578 0.784074008
835.875109 -1.286391735 -0.497335315 -2.374759197 -0.067003079 0.648840845 0.107198954 0.750349641
836.075109 -1.306590080 -0.466393918 -2.403409481 -0.077548176 0.671728909 0.137613177 0.723760426
836.325110 -1.328340769 -0.434796214 -2.438899994 -0.088240102 0.698814929 0.149059162 0.694012105
836.775109 -1.356768608 -0.401462853 -2.516661167 -0.106425218 0.747610390 0.161780819 0.635279000
837.275109 -1.370753288 -0.389246166 -2.595788956 -0.114965662 0.791323721 0.169297040 0.576132059
838.275109 -1.253805399 -0.337654084 -2.371756077 -0.157623678 0.635394514 0.150395572 0.740816951
838.575109 -1.241677284 -0.327085912 -2.266475201 -0.169747099 0.557701051 0.144389316 0.799566865
838.875109 -1.246172309 -0.322796136 -2.156857014 -0.174652442 0.476395041 0.136430576 0.850841343
839.125109 -1.250726581 -0.315866053 -2.055276394 -0.177308992 0.397809029 0.125919804 0.891321301
839.475109 -1.258813858 -0.295905650 -1.914588213 -0.192568183 0.279693425 0.094546214 0.935815215
839.775109 -1.249499202 -0.301345825 -1.845342278 -0.201194122 0.167145178 0.065925471 0.962931573
840.175108 -1.256973267 -0.306726694 -1.803240418 -0.203548402 0.020951174 0.035956178 0.978180110
840.575108 -1.330736876 -0.299068034 -1.808048010 -0.207165390 -0.091837913 0.010135175 0.973933101
840.825108 -1.404994965 -0.303712904 -1.841474056 -0.200125977 -0.169114053 0.000185204 0.965064764
841.125109 -1.516373992 -0.301201612 -1.934097290 -0.202262178 -0.266797543 -0.021096248 0.942053139
841.425108 -1.594360828 -0.287553906 -2.028950691 -0.197908819 -0.364701539 -0.041233711 0.908914030
841.725108 -1.682306767 -0.287727773 -2.088038921 -0.195286587 -0.448729008 -0.052585229 0.870482743
842.025108 -1.792982697 -0.275476128 -2.106313944 -0.191633433 -0.527142525 -0.062094610 0.825555384
842.225108 -1.877241850 -0.268812716 -2.113353729 -0.182635799 -0.575077176 -0.069351390 0.794431150
842.275108 -1.896175146 -0.267933577 -2.116582632 -0.180860400 -0.586036146 -0.070818424 0.786661327
842.325108 -1.914669514 -0.267602891 -2.122185230 -0.178194642 -0.598214030 -0.073162884 0.777839243
842.475108 -1.963917375 -0.263226867 -2.146045446 -0.170096740 -0.634852886 -0.083914720 0.748990834
842.575108 -1.993616581 -0.260005057 -2.163886547 -0.167942107 -0.652096450 -0.088467993 0.733988464
842.675108 -2.022355080 -0.257514894 -2.181718826 -0.167180404 -0.664364755 -0.091920801 0.722648442
842.825108 -2.065201998 -0.254525572 -2.207222939 -0.165285602 -0.673473775 -0.092937805 0.714476287
842.925108 -2.105857611 -0.250572860 -2.225733757 -0.160813481 -0.674855411 -0.091802463 0.714339912
843.125108 -2.169373512 -0.254612535 -2.248578072 -0.159870937 -0.662398040 -0.083381504 0.727129817
843.325108 -2.252532482 -0.259868681 -2.272882462 -0.157143265 -0.654003680 -0.074240774 0.736256480
843.525107 -2.319269419 -0.264812946 -2.291713238 -0.156606883 -0.645090640 -0.065820202 0.744983256
843.625108 -2.350542068 -0.268414140 -2.299938679 -0.155829355 -0.642984033 -0.062228687 0.747272611
843.725108 -2.381404638 -0.272541225 -2.303800821 -0.155857176 -0.641481221 -0.056453068 0.749014974
843.975107 -2.463134527 -0.278806865 -2.308838844 -0.156485856 -0.635504425 -0.047238398 0.754595816
844.525107 -2.744366169 -0.288082689 -2.244224072 -0.158811361 -0.614971399 -0.017332271 0.772197366
845.425107 -3.094958067 -0.343161047 -2.058917522 -0.162946597 -0.514778018 0.007867131 0.841659129
846.525107 -3.528666973 -0.273001671 -1.719024539 -0.164204612 -0.548287928 -0.033521626 0.819325089
847.125107 -3.891182899 -0.257925332 -1.609569073 -0.122070506 -0.621283591 -0.030222656 0.773428798
847.575106 -4.238223076 -0.314391971 -1.619024515 -0.088600263 -0.653698325 -0.009625087 0.751489103
848.325106 -4.623926640 -0.271686971 -1.607668877 -0.081543982 -0.770552695 -0.014714835 0.631967366
849.675106 -4.930675507 -0.215853661 -1.881340027 -0.059610579 -0.885713637 -0.019071614 0.459993720
850.225106 -4.871235847 -0.222895205 -1.967401505 -0.053178843 -0.950552583 -0.034615848 0.304012537
851.175106 -4.677599430 -0.171130657 -1.777358532 -0.035902221 -0.985428393 -0.076853693 0.147429466
851.725105 -4.492753029 -0.131660938 -1.703697920 -0.029291114 -0.992248952 -0.116772510 0.030794535
852.075105 -4.393872738 -0.099870682 -1.694154501 0.026818614 0.990386128 0.130770713 0.036264002
852.425105 -4.295800209 -0.036101401 -1.706873894 0.005654740 0.980526388 0.158842340 0.115348302
852.825105 -4.197772503 -0.005733460 -1.692693233 -0.023090614 0.965220392 0.185592964 0.182679221
853.475105 -4.036803246 -0.143791988 -1.748752117 -0.000917117 0.952688932 0.150575563 0.264026523
854.175105 -3.960861683 -0.318404347 -1.802570939 0.013278735 0.939879358 0.093127705 0.328295141
855.675105 -4.240041256 -0.389580786 -1.765912771 -0.005640833 0.979088247 0.056425795 0.195372984
856.175104 -4.408245087 -0.384100527 -1.762230396 -0.002347835 0.995427608 0.053845603 0.078861341
857.025104 -4.730294228 -0.336240202 -1.745494366 0.009100961 -0.987846076 -0.037541725 0.150558814
857.975104 -4.981153965 -0.273492128 -1.642282009 -0.046988294 -0.856129646 -0.027201854 0.513900995
858.175104 -5.009691238 -0.247445345 -1.611025333 -0.044063196 -0.825910568 -0.026856611 0.561434567
858.725104 -5.105812550 -0.235244632 -1.562220573 -0.040247474 -0.765285790 -0.016975798 0.642206788
858.925104 -5.118764877 -0.218711436 -1.548269749 -0.059981052 -0.741773605 -0.024042517 0.667529881
859.025103 -5.116671562 -0.205947444 -1.547057629 -0.072806485 -0.726139605 -0.027647097 0.683122337
859.125104 -5.113249302 -0.213910207 -1.556168556 -0.087894574 -0.707614720 -0.035657171 0.700203240
859.225104 -5.101618290 -0.210240707 -1.569221973 -0.097635143 -0.686979294 -0.040485673 0.718949080
859.425103 -5.068311691 -0.198034108 -1.596941233 -0.118012942 -0.644652724 -0.046401132 0.753885090
859.725103 -5.003290176 -0.184935033 -1.668261528 -0.150676757 -0.584835052 -0.048458274 0.795560420
860.025103 -4.909845352 -0.174215049 -1.703690290 -0.182021588 -0.522790790 -0.046167903 0.831520557
860.575103 -4.796333790 -0.160101533 -1.684863091 -0.209880978 -0.404247016 -0.042674195 0.889220655
861.125103 -4.769468784 -0.180457503 -1.616688728 -0.200022861 -0.238468364 -0.018847685 0.950141311
861.575103 -4.775492191 -0.276327848 -1.624360323 -0.158156633 -0.124898128 -0.008298246 0.979447842
862.125103 -4.786531448 -0.470217049 -1.787930131 -0.102303237 -0.010136100 0.005980405 0.994683623
862.725103 -4.752970695 -0.660967052 -1.961764097 -0.033420250 0.102783702 0.011221443 0.994078815
864.225102 -4.539599419 -0.581564009 -2.147608280 -0.049161334 0.347837448 -0.003424066 0.936258852
865.025102 -4.461668015 -0.412772477 -2.155372858 -0.104993708 0.467082500 0.035101835 0.877256036
865.475102 -4.669400215 -0.288942307 -2.095351696 -0.067067780 0.627415359 0.065996535 0.772978902
865.825102 -4.730839729 -0.211736917 -2.073199272 -0.066288471 0.694711089 0.088496193 0.710739613
866.525102 -4.799576759 -0.103483379 -2.045236588 -0.094695196 0.759977579 0.074684352 0.638662100
867.175102 -4.847908020 -0.157457530 -2.101840496 -0.053035405 0.808309317 0.063798010 0.582883418
868.725101 -4.353974342 -0.246210247 -2.027889729 -0.034929466 0.665286899 0.059628796 0.743382573
869.025101 -4.288172245 -0.252308905 -1.916595936 -0.042756904 0.602707446 0.065184765 0.794145167
869.525101 -4.260363102 -0.283819675 -1.719885588 -0.052136935 0.472110361 0.079556584 0.876392782
870.975101 -4.284096241 -0.563192368 -1.444489002 0.014349321 0.303189337 -0.111501716 0.946275711
871.375100 -4.277628899 -0.554980755 -1.313188314 0.018430203 0.217541620 -0.054407664 0.974359155
872.075100 -4.293988228 -0.574554026 -1.148153782 0.031867120 0.077303298 -0.023607010 0.996218562
872.825100 -4.423708916 -0.450002968 -1.056759119 -0.065368630 -0.113127075 -0.001977462 0.991425931
873.175101 -4.461974144 -0.397805631 -1.076238751 -0.097578675 -0.214653715 -0.021149019 0.971573412
873.425100 -4.444620609 -0.406370997 -1.136148930 -0.102312393 -0.273320973 -0.051624209 0.955072165
873.625100 -4.431172371 -0.404028833 -1.218810797 -0.108978219 -0.330873936 -0.079940289 0.933946371
873.825100 -4.402887344 -0.395564497 -1.295996547 -0.128249615 -0.379477024 -0.090803370 0.911758780
874.125100 -4.356377125 -0.364078820 -1.369067550 -0.162183911 -0.437678903 -0.104396179 0.878199875
874.575100 -4.257715225 -0.298337340 -1.391261578 -0.197404504 -0.490592986 -0.145178422 0.836225569
875.625100 -4.253528595 -0.272404253 -1.495575428 -0.142731905 -0.632434666 -0.206434935 0.732829213
876.175099 -4.445328712 -0.247302890 -1.613720417 -0.126061857 -0.713986874 -0.209096998 0.656208515
876.775099 -4.695951462 -0.204720020 -1.746182442 -0.127735838 -0.753992736 -0.204990566 0.610866070
877.175099 -4.793300629 -0.176854134 -1.868223667 -0.111046650 -0.820380569 -0.201281607 0.523574352
877.525099 -4.837650776 -0.186950207 -1.963265896 -0.072701015 -0.890226543 -0.200572029 0.402470052
878.275099 -4.831276894 -0.260182142 -1.968535423 -0.037821084 -0.951822817 -0.142507330 0.268876493
879.625099 -4.569561481 -0.256461918 -1.761959553 -0.021129603 -0.993306518 -0.109976828 0.028298814
880.525098 -4.525726795 -0.265129507 -1.446176648 0.003786581 0.993835032 0.106599174 0.030236058
881.075098 -4.380653858 -0.261347413 -1.258409262 0.003347896 0.987566233 0.113083437 0.109150514
881.875098 -4.187571526 -0.253939927 -1.167288899 -0.009636888 0.986687541 0.071478590 0.145759210
884.425097 -3.770531654 -0.299008489 -2.300906181 -0.003344561 0.965763211 0.048432410 0.254842162
885.625097 -3.514824390 -0.110277236 -2.925336838 0.004535930 0.961643457 0.132065624 0.240374774
886.225097 -3.407525539 0.104580820 -3.060457230 -0.058562387 0.939837575 0.157256633 0.297567159
886.625097 -3.312926769 0.193066061 -3.063413143 -0.077973634 0.904984891 0.179095760 0.377951354
886.875097 -3.225475311 0.201887965 -3.055006027 -0.095584050 0.864867985 0.174434230 0.460911930
887.025096 -3.159294605 0.182016373 -3.053675890 -0.091934480 0.838131726 0.158780351 0.513684869
887.225096 -3.065267086 0.149486542 -3.066637516 -0.079594806 0.810747445 0.133281901 0.564437211
887.625097 -2.893970966 0.033407867 -3.515925407 -0.071283787 0.746379256 0.124069318 0.649956524
887.875096 -2.760390997 0.014989436 -3.492906094 -0.069040492 0.704336047 0.108066119 0.698187590
888.025096 -2.655583858 0.001575172 -3.471127272 -0.061687306 0.671601593 0.088249698 0.733047128
888.225096 -2.513918161 -0.013808548 -3.453742266 -0.058096394 0.630437732 0.078326277 0.770089746
888.375096 -2.410863638 -0.015404791 -3.433686256 -0.054961361 0.603698790 0.073120400 0.791947305
888.575096 -2.271511793 -0.019909382 -3.400081158 -0.042431708 0.578854203 0.071833342 0.811151922
888.775096 -2.117240906 -0.031746000 -3.345945835 -0.028330134 0.567113340 0.064563192 0.820616603
888.925096 -1.999815345 -0.042162836 -3.251536369 -0.028539728 0.558885992 0.062705956 0.826377630
889.175096 -1.847547770 -0.030136660 -3.069643497 -0.026663464 0.508445978 0.049865127 0.859235287
889.325096 -1.764065146 -0.023856834 -2.970873594 -0.019663058 0.464744836 0.042361695 0.884212196
889.425096 -1.714475274 -0.020114847 -2.908295631 -0.015646728 0.429360986 0.034283295 0.902346432
889.525096 -1.669548512 -0.019497588 -2.831624985 -0.013698647 0.388908058 0.031644005 0.920631111
889.675096 -1.596740723 -0.017794777 -2.725702047 -0.016247582 0.327393204 0.022037633 0.944491506
889.775096 -1.556935310 -0.020895179 -2.664397717 -0.018624594 0.288644314 0.020463048 0.957036495
889.825096 -1.541265249 -0.019091696 -2.636465073 -0.020350371 0.270705014 0.012840551 0.962361634
889.925096 -1.510585070 -0.014531667 -2.586785793 -0.025110906 0.241985261 0.010527812 0.969897866
890.075096 -1.468119621 -0.007089201 -2.523822069 -0.026291789 0.208602279 0.018680992 0.977468610
890.175096 -1.435787439 0.000718245 -2.475162029 -0.029263260 0.194732606 0.020727931 0.980200648
890.325096 -1.374789119 0.006796606 -2.398073912 -0.026764017 0.183282882 0.021323269 0.982464433
890.425096 -1.328355670 0.002059838 -2.337188482 -0.020321663 0.184726939 0.020176955 0.982372582
890.525096 -1.280127764 -0.005545661 -2.283428431 -0.016838288 0.193690196 0.020633863 0.980701208
890.625096 -1.230793595 -0.016910542 -2.236747742 -0.012703543 0.206080273 0.021337463 0.978219926
890.875096 -1.114559531 -0.022267474 -2.128249884 -0.017986396 0.226148233 0.019587185 0.973729849
891.075095 -1.018494129 -0.017092410 -2.040827513 -0.018693455 0.227675632 0.013771201 0.973460257
891.225095 -0.937916875 -0.017020687 -1.970111012 -0.012872166 0.225378811 0.012047695 0.974111736
891.425095 -0.816638827 -0.024694528 -1.874115109 -0.016756626 0.222821593 0.001495547 0.974714100
891.625096 -0.713323534 -0.027582180 -1.799981594 -0.016492803 0.230760932 0.008079781 0.972837150
891.925095 -0.546281874 -0.037902575 -1.723293304 -0.012188879 0.264232129 0.015271001 0.964261174
892.225095 -0.346965969 -0.068731755 -1.627449036 -0.003902276 0.311252266 0.010462742 0.950261772
892.625096 -0.137834549 -0.090979367 -1.546405077 -0.022515545 0.421725512 0.008629818 0.906402886
893.175095 0.166745126 -0.108697221 -1.475808501 -0.020815620 0.505995631 0.008647669 0.862241507
893.775095 0.380543828 -0.102626540 -1.496402144 -0.032767639 0.666895568 0.013457794 0.744308829
894.125095 0.471393347 -0.320325911 -1.992796540 -0.042969588 0.751728475 0.040345419 0.656833529
894.625095 0.562241793 -0.314899504 -2.069890022 -0.056988098 0.848044872 0.039543673 0.525365293
895.475094 0.580892324 -0.355085015 -2.378433228 -0.043563835 0.928992748 0.033314761 0.366012156
895.925094 0.536156535 -0.339003563 -2.472989559 -0.034766324 0.971988440 0.030986235 0.230368659
896.125095 0.552844703 -0.349401057 -2.434903383 -0.033376910 0.983906567 0.037472524 0.171492726
896.425094 0.560748577 -0.304677397 -2.413795710 -0.034143902 0.981408417 0.060061399 0.179065287
896.925094 0.646855354 -0.229169309 -2.365148067 -0.023900766 0.953461468 0.112038232 0.278903991
897.125094 0.679252625 -0.204572827 -2.315203667 -0.031680822 0.934668660 0.122990392 0.332060516
897.775094 0.827976942 -0.211182564 -2.118811846 -0.030497158 0.844078243 0.107098088 0.524530172
898.025094 0.900832176 -0.221413925 -2.017044783 -0.032377183 0.793593407 0.092455812 0.600510836
898.375094 0.925038099 -0.235060126 -1.873590589 -0.020549135 0.703534961 0.075478174 0.706342220
899.125094 0.787289858 -0.375330955 -0.563102722 -0.038692072 0.441121519 0.052952290 0.895047963
899.475094 0.741500735 -0.377848595 -0.404310077 -0.045293342 0.322278202 0.052016061 0.944129050
899.875093 0.749340951 -0.381648749 -0.286403090 -0.053505126 0.168994173 0.052673753 0.982753098
900.525093 0.566407740 -0.312849343 -0.298022419 -0.069645032 -0.047857471 0.055370793 0.994883597
900.775094 0.469227612 -0.275040209 -0.230725706 -0.089807801 -0.100129388 0.055613585 0.989351273
901.575093 0.192772642 -0.156012893 -0.076791018 -0.070937045 -0.066012621 0.073723532 0.992559850
902.725093 0.012688459 0.004889567 0.060643021 -0.021343445 -0.060533326 0.095591791 0.993349135
